user,risco_Grok,risco_DeepSeek,risco_ChatGratuito,risco_Copilot,risco_Gemini,risco_Especialista
AAB0754,Baixo,Baixo,Baixo,Baixo,Baixo,Baixo
AAC0070,Baixo,Baixo,Baixo,Baixo,Médio,Baixo
AAN0077,Baixo,Baixo,Baixo,Baixo,Baixo,Baixo
AAP0946,Médio,Baixo,Baixo,Baixo,Médio,Baixo
AAR0716,Baixo,Alto,Médio,Médio,Alto,Alto
AAR0994,Baixo,Baixo,Baixo,Baixo,Baixo,Baixo
AAS0850,Alto,Alto,Alto,Médio,Alto,Alto
AAW0103,Baixo,Baixo,Baixo,Baixo,Baixo,Baixo
AAW0295,Baixo,Baixo,Baixo,Baixo,Baixo,Baixo
ABC0586,Baixo,Baixo,Baixo,Baixo,Baixo,Baixo
ABG0865,Médio,Alto,Médio,Baixo,Médio,Alto
ABH0821,Alto,Alto,Alto,Médio,Alto,Alto
ABM0032,Baixo,Baixo,Baixo,Baixo,Baixo,Baixo
ABM0089,Baixo,Baixo,Baixo,Baixo,Médio,Baixo
ABM0173,Médio,Médio,Médio,Médio,Alto,Médio
ABM0513,Médio,Baixo,Baixo,Baixo,Médio,Alto
ABM0964,Baixo,Baixo,Baixo,Baixo,Baixo,Baixo
ABS0125,Médio,Médio,Médio,Médio,Alto,Médio
ABT0490,Médio,Médio,Médio,Médio,Médio,Baixo
ABW0271,Baixo,Baixo,Baixo,Baixo,Baixo,Baixo
ABW0466,Baixo,Baixo,Baixo,Baixo,Baixo,Baixo
ABW0673,Médio,Médio,Médio,Baixo,Alto,Alto
ACB0077,Baixo,Baixo,Baixo,Baixo,Médio,Baixo
ACB0393,Baixo,Médio,Médio,Baixo,Médio,Baixo
ACC0913,Baixo,Baixo,Baixo,Baixo,Baixo,Baixo
ACC0950,Alto,Alto,Alto,Alto,Alto,Alto
ACE0265,Baixo,Baixo,Baixo,Baixo,Baixo,Baixo
ACH0644,Baixo,Baixo,Baixo,Baixo,Baixo,Baixo
ACJ0895,Baixo,Baixo,Baixo,Baixo,Baixo,Baixo
ACL0394,Baixo,Baixo,Baixo,Baixo,Baixo,Baixo
ACM0985,Baixo,Baixo,Baixo,Baixo,Baixo,Baixo
ACP0847,Baixo,Baixo,Baixo,Baixo,Médio,Baixo
ACR0100,Médio,Médio,Médio,Médio,Alto,Alto
ACS0457,Médio,Médio,Médio,Médio,Alto,Médio
ACW0546,Médio,Alto,Alto,Médio,Alto,Médio
ACW0801,Médio,Baixo,Baixo,Baixo,Médio,Baixo
ACW0870,Baixo,Baixo,Baixo,Baixo,Baixo,Baixo
ADC0007,Baixo,Baixo,Baixo,Baixo,Baixo,Baixo
ADF0724,Baixo,Baixo,Baixo,Baixo,Baixo,Baixo
ADG0418,Baixo,Baixo,Baixo,Baixo,Baixo,Baixo
ADH0427,Baixo,Baixo,Baixo,Baixo,Baixo,Baixo
ADR0014,Baixo,Baixo,Baixo,Baixo,Baixo,Baixo
ADR0362,Baixo,Baixo,Baixo,Baixo,Baixo,Baixo
AEA0062,Baixo,Baixo,Baixo,Baixo,Baixo,Baixo
AEM0896,Baixo,Baixo,Baixo,Baixo,Médio,Baixo
AEW0634,Baixo,Baixo,Baixo,Baixo,Baixo,Baixo
AFM0640,Baixo,Médio,Baixo,Baixo,Alto,Alto
AGC0733,Baixo,Baixo,Baixo,Baixo,Baixo,Baixo
AGD0524,Baixo,Baixo,Baixo,Baixo,Baixo,Baixo
AGG0161,Baixo,Baixo,Baixo,Baixo,Baixo,Baixo
AGH0766,Médio,Baixo,Baixo,Baixo,Alto,Alto
AGP0775,Baixo,Baixo,Baixo,Baixo,Baixo,Baixo
AGR0470,Baixo,Baixo,Baixo,Baixo,Baixo,Baixo
AGW0029,Médio,Médio,Médio,Médio,Alto,Médio
AHB0110,Médio,Baixo,Baixo,Baixo,Médio,Alto
AHD0110,Baixo,Alto,Médio,Baixo,Médio,Alto
AHM0091,Médio,Baixo,Baixo,Baixo,Médio,Baixo
AHM0302,Baixo,Baixo,Baixo,Baixo,Baixo,Baixo
AHS0205,Médio,Alto,Médio,Médio,Alto,Alto
AHS0228,Baixo,Baixo,Baixo,Baixo,Baixo,Baixo
AIB0005,Baixo,Baixo,Baixo,Baixo,Baixo,Baixo
AIG0731,Baixo,Baixo,Baixo,Baixo,Baixo,Baixo
AIR0116,Baixo,Baixo,Baixo,Baixo,Baixo,Baixo
AIR0197,Baixo,Médio,Baixo,Baixo,Baixo,Baixo
AIR0578,Baixo,Baixo,Baixo,Baixo,Baixo,Baixo
AJA0979,Baixo,Baixo,Baixo,Baixo,Baixo,Baixo
AJB0408,Baixo,Baixo,Baixo,Baixo,Baixo,Baixo
AJD0939,Baixo,Baixo,Baixo,Baixo,Baixo,Baixo
AJG0522,Baixo,Baixo,Baixo,Baixo,Baixo,Baixo
AJH0366,Baixo,Baixo,Baixo,Baixo,Baixo,Baixo
AJH0410,Baixo,Médio,Baixo,Baixo,Médio,Baixo
AJL0593,Alto,Alto,Alto,Médio,Alto,Alto
AJM0772,Alto,Alto,Alto,Alto,Alto,Alto
AJO0389,Médio,Alto,Médio,Médio,Alto,Alto
AJP0155,Baixo,Baixo,Baixo,Baixo,Médio,Baixo
AJQ0376,Baixo,Baixo,Baixo,Baixo,Alto,Alto
AJR0231,Baixo,Alto,Baixo,Baixo,Alto,Alto
AJS0762,Baixo,Baixo,Baixo,Baixo,Baixo,Baixo
AJV0013,Médio,Médio,Médio,Baixo,Alto,Alto
AJY0801,Baixo,Baixo,Baixo,Baixo,Baixo,Baixo
AKB0574,Médio,Baixo,Baixo,Baixo,Médio,Baixo
AKC0675,Baixo,Baixo,Baixo,Baixo,Baixo,Baixo
AKG0669,Médio,Baixo,Baixo,Baixo,Médio,Alto
AKM0135,Baixo,Baixo,Baixo,Baixo,Baixo,Baixo
AKP0783,Médio,Baixo,Baixo,Baixo,Médio,Baixo
AKT0159,Baixo,Baixo,Baixo,Baixo,Baixo,Baixo
AKW0035,Baixo,Baixo,Baixo,Baixo,Baixo,Baixo
ALB0033,Baixo,Baixo,Baixo,Baixo,Médio,Baixo
ALC0100,Baixo,Baixo,Baixo,Baixo,Baixo,Baixo
ALD0521,Baixo,Baixo,Baixo,Baixo,Baixo,Baixo
ALM0073,Médio,Alto,Médio,Baixo,Médio,Alto
ALP0547,Baixo,Baixo,Baixo,Baixo,Baixo,Baixo
ALS0156,Baixo,Baixo,Baixo,Baixo,Baixo,Baixo
ALW0850,Baixo,Baixo,Baixo,Baixo,Alto,Alto
AMC0346,Médio,Baixo,Baixo,Baixo,Médio,Alto
AMF0083,Baixo,Baixo,Baixo,Baixo,Médio,Baixo
AMH0857,Baixo,Alto,Médio,Baixo,Médio,Baixo
AMM0480,Baixo,Baixo,Baixo,Baixo,Baixo,Baixo
AMN0312,Baixo,Baixo,Baixo,Baixo,Baixo,Baixo
AMO0440,Baixo,Baixo,Baixo,Baixo,Baixo,Baixo
AMO0751,Baixo,Baixo,Baixo,Baixo,Médio,Baixo
AMP0662,Baixo,Baixo,Baixo,Baixo,Médio,Baixo
AMR0208,Baixo,Baixo,Baixo,Baixo,Médio,Baixo
AMR0656,Baixo,Baixo,Baixo,Baixo,Baixo,Baixo
AMS0762,Médio,Médio,Médio,Médio,Médio,Médio
AMT0293,Médio,Alto,Alto,Médio,Médio,Alto
AMT0348,Baixo,Baixo,Baixo,Baixo,Baixo,Baixo
AMT0554,Baixo,Baixo,Baixo,Baixo,Baixo,Baixo
AMV0189,Médio,Médio,Baixo,Baixo,Alto,Alto
AMW0097,Baixo,Baixo,Baixo,Baixo,Baixo,Baixo
AMW0706,Baixo,Baixo,Baixo,Baixo,Baixo,Baixo
ANC0916,Baixo,Baixo,Baixo,Baixo,Baixo,Baixo
ANO0020,Baixo,Baixo,Baixo,Baixo,Médio,Baixo
ANR0792,Médio,Médio,Baixo,Baixo,Médio,Alto
AOA0515,Médio,Baixo,Baixo,Baixo,Médio,Alto
AOD0066,Baixo,Baixo,Baixo,Baixo,Médio,Alto
AOH0490,Baixo,Baixo,Baixo,Baixo,Baixo,Baixo
AOM0294,Médio,Baixo,Baixo,Baixo,Médio,Alto
AOP0898,Baixo,Baixo,Baixo,Baixo,Baixo,Baixo
AOW0276,Baixo,Baixo,Baixo,Baixo,Médio,Baixo
APC0027,Médio,Médio,Médio,Baixo,Alto,Alto
APH0382,Baixo,Baixo,Baixo,Baixo,Baixo,Baixo
APR0631,Baixo,Baixo,Baixo,Baixo,Médio,Baixo
AQH0426,Baixo,Médio,Baixo,Baixo,Alto,Alto
AQM0699,Médio,Médio,Médio,Médio,Médio,Médio
ARB0002,Baixo,Médio,Baixo,Baixo,Baixo,Baixo
ARC0773,Baixo,Baixo,Baixo,Baixo,Baixo,Baixo
ARD0789,Baixo,Médio,Baixo,Baixo,Alto,Alto
ARH0777,Baixo,Médio,Baixo,Baixo,Alto,Alto
ARH0997,Baixo,Baixo,Baixo,Baixo,Baixo,Baixo
ARM0257,Baixo,Baixo,Baixo,Baixo,Baixo,Baixo
ARR0934,Médio,Alto,Baixo,Médio,Alto,Alto
ARS0171,Baixo,Alto,Baixo,Baixo,Alto,Alto
ARS0594,Baixo,Baixo,Baixo,Baixo,Baixo,Baixo
ARV0481,Baixo,Baixo,Baixo,Baixo,Baixo,Baixo
ARW0201,Baixo,Baixo,Baixo,Baixo,Baixo,Baixo
ASA0282,Baixo,Baixo,Baixo,Baixo,Médio,Baixo
ASB0335,Baixo,Baixo,Baixo,Baixo,Baixo,Baixo
ASC0678,Baixo,Baixo,Baixo,Baixo,Baixo,Baixo
ASF0328,Baixo,Baixo,Baixo,Baixo,Médio,Baixo
ASH0413,Baixo,Baixo,Baixo,Baixo,Baixo,Baixo
ASJ0543,Médio,Alto,Alto,Médio,Alto,Médio
ASJ0958,Médio,Alto,Alto,Médio,Alto,Alto
ASL0677,Baixo,Baixo,Baixo,Baixo,Médio,Baixo
ASM0229,Baixo,Baixo,Baixo,Baixo,Médio,Baixo
ASN0508,Alto,Alto,Alto,Alto,Alto,Alto
ASO0737,Médio,Médio,Médio,Médio,Alto,Médio
ASR0889,Médio,Alto,Alto,Médio,Alto,Alto
ASS0569,Médio,Médio,Médio,Médio,Alto,Médio
ASS0611,Médio,Médio,Médio,Médio,Alto,Alto
ASS0982,Médio,Médio,Médio,Médio,Alto,Alto
ASV0051,Baixo,Baixo,Baixo,Baixo,Baixo,Baixo
ASW0536,Médio,Baixo,Baixo,Baixo,Médio,Baixo
ATB0235,Baixo,Baixo,Baixo,Baixo,Médio,Baixo
ATG0636,Baixo,Baixo,Baixo,Baixo,Médio,Baixo
ATT0650,Baixo,Baixo,Baixo,Baixo,Médio,Baixo
ATV0292,Alto,Médio,Médio,Baixo,Alto,Alto
AUS0564,Médio,Alto,Médio,Alto,Alto,Alto
AVJ0078,Alto,Alto,Médio,Médio,Alto,Alto
AVR0566,Médio,Médio,Médio,Médio,Médio,Baixo
AWB0853,Baixo,Baixo,Baixo,Baixo,Baixo,Baixo
AWH0846,Baixo,Baixo,Baixo,Baixo,Baixo,Baixo
AWM0042,Baixo,Baixo,Baixo,Baixo,Baixo,Baixo
AWN0988,Baixo,Baixo,Baixo,Baixo,Baixo,Baixo
AWR0559,Médio,Alto,Alto,Médio,Alto,Médio
AWR0932,Baixo,Baixo,Baixo,Baixo,Baixo,Baixo
AWW0784,Baixo,Baixo,Baixo,Baixo,Baixo,Baixo
AXB0237,Baixo,Baixo,Baixo,Baixo,Médio,Baixo
AXC0137,Médio,Alto,Médio,Médio,Médio,Alto
AYD0147,Médio,Baixo,Baixo,Baixo,Médio,Baixo
AYN0502,Alto,Alto,Alto,Alto,Alto,Alto
AZH0595,Médio,Médio,Médio,Médio,Alto,Médio
BAA0151,Baixo,Baixo,Baixo,Baixo,Baixo,Baixo
BAB0315,Baixo,Baixo,Baixo,Baixo,Baixo,Baixo
BAD0541,Baixo,Médio,Médio,Baixo,Médio,Baixo
BAG0190,Baixo,Baixo,Baixo,Baixo,Médio,Baixo
BAK0530,Médio,Alto,Alto,Médio,Médio,Alto
BAM0689,Médio,Baixo,Baixo,Baixo,Médio,Alto
BAW0461,Médio,Baixo,Baixo,Baixo,Médio,Baixo
BBB0904,Baixo,Baixo,Baixo,Baixo,Baixo,Baixo
BBD0164,Baixo,Médio,Baixo,Baixo,Baixo,Baixo
BBS0474,Baixo,Médio,Baixo,Baixo,Médio,Baixo
BBS0744,Baixo,Baixo,Baixo,Baixo,Baixo,Baixo
BBT0357,Baixo,Baixo,Baixo,Baixo,Baixo,Baixo
BCB0629,Baixo,Baixo,Baixo,Baixo,Baixo,Baixo
BCD0482,Médio,Alto,Médio,Médio,Alto,Médio
BCE0039,Médio,Alto,Médio,Baixo,Médio,Alto
BCH0694,Baixo,Baixo,Baixo,Baixo,Baixo,Baixo
BCM0195,Baixo,Baixo,Baixo,Baixo,Baixo,Baixo
BCM0290,Baixo,Baixo,Baixo,Baixo,Baixo,Baixo
BCM0382,Médio,Alto,Alto,Médio,Alto,Médio
BCN0667,Baixo,Baixo,Baixo,Baixo,Baixo,Baixo
BCP0247,Baixo,Médio,Baixo,Baixo,Alto,Alto
BCS0314,Médio,Alto,Médio,Médio,Alto,Alto
BCV0304,Médio,Médio,Médio,Médio,Alto,Médio
BDA0036,Baixo,Baixo,Baixo,Baixo,Baixo,Baixo
BDA0994,Médio,Médio,Médio,Médio,Alto,Médio
BDM0385,Médio,Alto,Alto,Médio,Alto,Médio
BDS0396,Baixo,Baixo,Baixo,Baixo,Médio,Alto
BEC0915,Baixo,Baixo,Baixo,Baixo,Baixo,Baixo
BEH0540,Baixo,Baixo,Baixo,Baixo,Baixo,Baixo
BEK0623,Médio,Médio,Médio,Baixo,Alto,Alto
BER0398,Baixo,Baixo,Baixo,Baixo,Baixo,Baixo
BES0161,Médio,Médio,Médio,Médio,Alto,Médio
BFM0101,Baixo,Baixo,Baixo,Baixo,Baixo,Baixo
BGB0727,Baixo,Baixo,Baixo,Baixo,Médio,Baixo
BGC0538,Alto,Alto,Alto,Médio,Alto,Alto
BGM0010,Médio,Alto,Alto,Médio,Alto,Alto
BGP0577,Baixo,Baixo,Baixo,Baixo,Médio,Baixo
BGR0068,Médio,Médio,Médio,Baixo,Alto,Alto
BGZ0902,Baixo,Baixo,Baixo,Baixo,Baixo,Baixo
BHB0443,Baixo,Baixo,Baixo,Baixo,Baixo,Baixo
BHK0697,Médio,Médio,Baixo,Baixo,Alto,Alto
BIB0251,Baixo,Médio,Baixo,Baixo,Médio,Baixo
BIB0407,Baixo,Baixo,Baixo,Baixo,Baixo,Baixo
BID0160,Baixo,Baixo,Baixo,Baixo,Baixo,Alto
BID0969,Baixo,Baixo,Baixo,Baixo,Baixo,Baixo
BIR0613,Baixo,Baixo,Baixo,Baixo,Médio,Baixo
BIR0678,Médio,Médio,Médio,Médio,Alto,Médio
BIS0988,Médio,Alto,Alto,Médio,Alto,Médio
BIT0900,Baixo,Baixo,Baixo,Baixo,Baixo,Baixo
BJC0265,Baixo,Baixo,Baixo,Baixo,Médio,Baixo
BJC0298,Baixo,Baixo,Baixo,Baixo,Baixo,Baixo
BJE0520,Alto,Alto,Alto,Alto,Alto,Alto
BJG0097,Baixo,Baixo,Baixo,Baixo,Médio,Baixo
BJG0120,Baixo,Baixo,Baixo,Baixo,Médio,Baixo
BJH0243,Médio,Alto,Alto,Médio,Alto,Alto
BJS0951,Baixo,Baixo,Baixo,Baixo,Baixo,Baixo
BJT0747,Médio,Baixo,Baixo,Baixo,Alto,Alto
BJW0917,Baixo,Baixo,Baixo,Baixo,Médio,Alto
BKA0340,Baixo,Baixo,Baixo,Baixo,Baixo,Baixo
BKA0532,Baixo,Baixo,Baixo,Baixo,Baixo,Baixo
BKH0446,Baixo,Baixo,Baixo,Baixo,Baixo,Baixo
BKM0084,Baixo,Baixo,Baixo,Baixo,Médio,Baixo
BKM0492,Médio,Médio,Médio,Médio,Alto,Alto
BLA0039,Alto,Alto,Médio,Médio,Médio,Alto
BLB0583,Médio,Médio,Médio,Médio,Alto,Alto
BLB0703,Baixo,Baixo,Baixo,Baixo,Baixo,Baixo
BLL0527,Médio,Baixo,Baixo,Baixo,Médio,Baixo
BLM0712,Médio,Alto,Alto,Médio,Alto,Alto
BLM0800,Baixo,Baixo,Baixo,Baixo,Baixo,Baixo
BLM0868,Médio,Médio,Médio,Médio,Alto,Médio
BLW0787,Alto,Alto,Alto,Médio,Alto,Alto
BMA0465,Baixo,Baixo,Baixo,Baixo,Médio,Alto
BMB0668,Baixo,Baixo,Baixo,Baixo,Baixo,Baixo
BMC0175,Baixo,Médio,Baixo,Baixo,Alto,Alto
BMC0611,Médio,Médio,Médio,Médio,Alto,Alto
BMD0342,Baixo,Baixo,Baixo,Baixo,Médio,Baixo
BMG0006,Médio,Médio,Baixo,Baixo,Alto,Alto
BML0845,Médio,Alto,Alto,Alto,Alto,Alto
BMR0341,Baixo,Baixo,Baixo,Baixo,Médio,Baixo
BMS0057,Baixo,Baixo,Baixo,Baixo,Alto,Alto
BMT0903,Baixo,Baixo,Baixo,Baixo,Baixo,Baixo
BMW0898,Médio,Alto,Alto,Médio,Alto,Médio
BNB0026,Baixo,Baixo,Baixo,Baixo,Médio,Baixo
BNB0478,Médio,Médio,Médio,Médio,Alto,Alto
BNB0938,Médio,Médio,Médio,Médio,Alto,Médio
BNF0925,Médio,Alto,Médio,Médio,Alto,Alto
BNS0910,Baixo,Baixo,Baixo,Baixo,Baixo,Baixo
BNT0144,Médio,Médio,Baixo,Baixo,Baixo,Baixo
BNT0819,Médio,Médio,Médio,Médio,Alto,Médio
BOJ0326,Baixo,Baixo,Baixo,Baixo,Alto,Alto
BOK0261,Baixo,Baixo,Baixo,Baixo,Baixo,Baixo
BOR0631,Baixo,Baixo,Baixo,Baixo,Baixo,Baixo
BPB0061,Baixo,Baixo,Baixo,Baixo,Médio,Baixo
BPB0750,Baixo,Baixo,Baixo,Baixo,Baixo,Baixo
BPE0219,Baixo,Baixo,Baixo,Baixo,Baixo,Baixo
BPH0243,Baixo,Baixo,Baixo,Baixo,Baixo,Baixo
BQD0092,Baixo,Baixo,Baixo,Baixo,Médio,Baixo
BQK0526,Baixo,Baixo,Baixo,Baixo,Baixo,Baixo
BRB0807,Médio,Médio,Médio,Médio,Alto,Médio
BRB0894,Médio,Médio,Baixo,Baixo,Alto,Alto
BRC0579,Médio,Baixo,Baixo,Baixo,Médio,Baixo
BRF0749,Baixo,Baixo,Baixo,Baixo,Baixo,Baixo
BRH0362,Baixo,Baixo,Baixo,Baixo,Médio,Baixo
BRM0377,Baixo,Baixo,Baixo,Baixo,Baixo,Baixo
BRS0468,Baixo,Baixo,Baixo,Baixo,Médio,Baixo
BRS0802,Alto,Médio,Médio,Médio,Alto,Alto
BRS0849,Médio,Alto,Alto,Alto,Alto,Alto
BSA0663,Médio,Médio,Médio,Médio,Alto,Médio
BSB0995,Alto,Alto,Alto,Médio,Alto,Alto
BSH0402,Baixo,Baixo,Baixo,Baixo,Baixo,Baixo
BSP0219,Baixo,Baixo,Baixo,Baixo,Baixo,Baixo
BSR0244,Baixo,Baixo,Baixo,Baixo,Baixo,Baixo
BSS0707,Médio,Alto,Alto,Médio,Alto,Alto
BTN0131,Baixo,Baixo,Baixo,Baixo,Baixo,Baixo
BTW0818,Baixo,Baixo,Baixo,Baixo,Baixo,Baixo
BUG0693,Baixo,Médio,Baixo,Baixo,Alto,Alto
BVV0342,Baixo,Baixo,Baixo,Baixo,Baixo,Baixo
BVW0318,Médio,Médio,Médio,Médio,Alto,Médio
BWH0921,Baixo,Baixo,Baixo,Baixo,Baixo,Baixo
BWK0038,Médio,Alto,Médio,Baixo,Médio,Alto
BWW0834,Baixo,Baixo,Baixo,Baixo,Médio,Baixo
BXJ0256,Baixo,Baixo,Baixo,Baixo,Baixo,Baixo
BYB0592,Baixo,Baixo,Baixo,Baixo,Baixo,Baixo
BYN0163,Baixo,Baixo,Baixo,Baixo,Baixo,Baixo
BYN0338,Baixo,Baixo,Baixo,Baixo,Baixo,Baixo
BZK0095,Médio,Baixo,Baixo,Baixo,Médio,Alto
BZT0160,Alto,Alto,Alto,Médio,Alto,Alto
BZV0067,Baixo,Baixo,Baixo,Baixo,Baixo,Baixo
CAB0422,Baixo,Médio,Baixo,Baixo,Médio,Alto
CAB0705,Alto,Alto,Alto,Médio,Alto,Alto
CAC0558,Médio,Médio,Médio,Médio,Médio,Baixo
CAE0080,Baixo,Médio,Baixo,Baixo,Alto,Alto
CAG0612,Médio,Alto,Baixo,Baixo,Alto,Alto
CAH0554,Médio,Alto,Alto,Médio,Alto,Médio
CAH0813,Baixo,Baixo,Baixo,Baixo,Baixo,Baixo
CAJ0004,Baixo,Médio,Baixo,Baixo,Médio,Baixo
CAN0178,Baixo,Baixo,Baixo,Baixo,Médio,Baixo
CAO0899,Baixo,Alto,Médio,Baixo,Médio,Alto
CAP0305,Médio,Médio,Médio,Médio,Alto,Médio
CAR0784,Médio,Médio,Médio,Médio,Alto,Médio
CAS0821,Baixo,Baixo,Baixo,Baixo,Alto,Alto
CAT0500,Baixo,Baixo,Baixo,Baixo,Baixo,Baixo
CAW0115,Baixo,Baixo,Baixo,Baixo,Médio,Baixo
CAW0566,Baixo,Baixo,Baixo,Baixo,Baixo,Baixo
CAW0771,Alto,Alto,Alto,Alto,Alto,Alto
CBA0027,Baixo,Baixo,Baixo,Baixo,Baixo,Baixo
CBB0609,Médio,Baixo,Baixo,Baixo,Médio,Baixo
CBB0661,Baixo,Baixo,Baixo,Baixo,Médio,Baixo
CBB0888,Baixo,Baixo,Baixo,Baixo,Médio,Alto
CBB0999,Baixo,Médio,Baixo,Baixo,Alto,Alto
CBD0092,Baixo,Baixo,Baixo,Baixo,Baixo,Baixo
CBH0457,Baixo,Baixo,Baixo,Baixo,Baixo,Baixo
CBH0656,Baixo,Médio,Baixo,Baixo,Alto,Alto
CBJ0373,Baixo,Baixo,Baixo,Baixo,Médio,Baixo
CBK0172,Baixo,Baixo,Baixo,Baixo,Baixo,Baixo
CBL0851,Baixo,Baixo,Baixo,Baixo,Baixo,Baixo
CBL0969,Alto,Alto,Alto,Médio,Alto,Alto
CBM0387,Médio,Alto,Alto,Médio,Alto,Médio
CBN0398,Baixo,Baixo,Baixo,Baixo,Baixo,Baixo
CBO0506,Baixo,Baixo,Baixo,Baixo,Baixo,Baixo
CBP0020,Baixo,Baixo,Baixo,Baixo,Baixo,Baixo
CCB0944,Baixo,Baixo,Baixo,Baixo,Baixo,Baixo
CCC0192,Baixo,Médio,Baixo,Baixo,Alto,Alto
CCC0632,Médio,Alto,Médio,Alto,Alto,Alto
CCD0463,Baixo,Baixo,Baixo,Baixo,Baixo,Baixo
CCD0584,Baixo,Médio,Baixo,Baixo,Alto,Alto
CCF0877,Baixo,Baixo,Baixo,Baixo,Médio,Baixo
CCG0255,Baixo,Baixo,Baixo,Baixo,Baixo,Baixo
CCH0252,Baixo,Alto,Médio,Médio,Alto,Alto
CCH0959,Alto,Alto,Alto,Médio,Alto,Alto
CCM0786,Médio,Médio,Baixo,Baixo,Médio,Médio
CCM0822,Médio,Médio,Médio,Médio,Alto,Médio
CCN0067,Baixo,Baixo,Baixo,Baixo,Médio,Baixo
CCO0065,Médio,Médio,Médio,Baixo,Alto,Alto
CCR0509,Médio,Médio,Médio,Médio,Médio,Médio
CCR0670,Baixo,Baixo,Baixo,Baixo,Baixo,Baixo
CCR0823,Médio,Médio,Médio,Médio,Alto,Médio
CCW0142,Médio,Baixo,Baixo,Baixo,Baixo,Baixo
CCW0487,Baixo,Baixo,Baixo,Baixo,Baixo,Baixo
CDA0483,Baixo,Baixo,Baixo,Baixo,Baixo,Baixo
CDG0487,Médio,Alto,Médio,Médio,Alto,Médio
CDH0933,Baixo,Baixo,Baixo,Baixo,Baixo,Baixo
CDH0990,Médio,Baixo,Baixo,Baixo,Médio,Baixo
CDM0220,Médio,Alto,Alto,Médio,Alto,Alto
CDN0865,Médio,Médio,Baixo,Baixo,Alto,Alto
CDP0582,Médio,Médio,Médio,Médio,Alto,Médio
CDT0311,Médio,Médio,Médio,Médio,Alto,Médio
CDW0519,Baixo,Baixo,Baixo,Baixo,Baixo,Baixo
CDW0576,Baixo,Baixo,Baixo,Baixo,Baixo,Baixo
CEB0158,Médio,Médio,Médio,Médio,Alto,Alto
CEB0555,Baixo,Baixo,Baixo,Baixo,Baixo,Baixo
CEF0928,Médio,Médio,Médio,Baixo,Médio,Alto
CEJ0646,Baixo,Baixo,Baixo,Baixo,Médio,Baixo
CEP0238,Baixo,Baixo,Baixo,Baixo,Baixo,Baixo
CES0709,Baixo,Baixo,Baixo,Baixo,Baixo,Baixo
CEW0539,Médio,Médio,Médio,Médio,Médio,Baixo
CFB0034,Baixo,Baixo,Baixo,Baixo,Médio,Baixo
CFB0167,Médio,Baixo,Baixo,Baixo,Médio,Baixo
CFB0216,Baixo,Alto,Baixo,Baixo,Alto,Alto
CFD0759,Baixo,Baixo,Baixo,Baixo,Baixo,Baixo
CFP0581,Baixo,Médio,Baixo,Baixo,Médio,Médio
CFR0653,Baixo,Baixo,Baixo,Baixo,Baixo,Baixo
CGF0635,Médio,Baixo,Baixo,Baixo,Médio,Baixo
CGH0088,Baixo,Baixo,Baixo,Baixo,Médio,Alto
CGH0679,Baixo,Baixo,Baixo,Baixo,Médio,Baixo
CGK0725,Baixo,Baixo,Baixo,Baixo,Médio,Baixo
CGP0271,Baixo,Baixo,Baixo,Baixo,Baixo,Baixo
CGS0138,Baixo,Baixo,Baixo,Baixo,Médio,Baixo
CGS0743,Baixo,Baixo,Baixo,Baixo,Baixo,Baixo
CGW0553,Médio,Baixo,Baixo,Baixo,Médio,Alto
CHG0404,Baixo,Baixo,Baixo,Baixo,Baixo,Baixo
CHG0627,Médio,Baixo,Baixo,Baixo,Baixo,Baixo
CHH0472,Médio,Alto,Alto,Alto,Alto,Alto
CHK0753,Baixo,Baixo,Baixo,Baixo,Baixo,Baixo
CHP0446,Médio,Baixo,Baixo,Baixo,Médio,Baixo
CIL0124,Médio,Médio,Médio,Médio,Alto,Alto
CIM0473,Baixo,Baixo,Baixo,Baixo,Médio,Baixo
CJD0835,Baixo,Baixo,Baixo,Baixo,Baixo,Baixo
CJG0059,Baixo,Médio,Baixo,Baixo,Alto,Alto
CJM0970,Médio,Baixo,Baixo,Baixo,Médio,Baixo
CJP0221,Médio,Alto,Alto,Alto,Alto,Alto
CJR0414,Médio,Médio,Baixo,Baixo,Alto,Alto
CJT0374,Baixo,Médio,Médio,Baixo,Médio,Baixo
CJV0236,Médio,Baixo,Baixo,Baixo,Médio,Alto
CJW0812,Médio,Médio,Baixo,Baixo,Alto,Alto
CKB0619,Médio,Baixo,Baixo,Baixo,Baixo,Baixo
CKH0820,Baixo,Baixo,Baixo,Baixo,Baixo,Baixo
CKR0591,Baixo,Baixo,Baixo,Baixo,Baixo,Baixo
CKW0746,Médio,Alto,Médio,Médio,Alto,Alto
CLB0748,Médio,Baixo,Baixo,Baixo,Médio,Baixo
CLC0154,Médio,Médio,Baixo,Baixo,Alto,Alto
CLF0125,Baixo,Baixo,Baixo,Baixo,Baixo,Baixo
CLH0287,Baixo,Médio,Baixo,Baixo,Baixo,Baixo
CLM0315,Baixo,Baixo,Baixo,Baixo,Médio,Baixo
CLR0460,Médio,Médio,Médio,Médio,Alto,Médio
CLS0138,Baixo,Baixo,Baixo,Baixo,Baixo,Baixo
CLW0688,Baixo,Alto,Baixo,Baixo,Alto,Alto
CMB0645,Médio,Médio,Médio,Médio,Alto,Médio
CMD0693,Médio,Alto,Médio,Baixo,Médio,Alto
CMG0984,Baixo,Médio,Baixo,Baixo,Alto,Alto
CML0603,Médio,Baixo,Baixo,Baixo,Baixo,Baixo
CMM0300,Baixo,Baixo,Baixo,Baixo,Baixo,Baixo
CMR0545,Médio,Médio,Médio,Baixo,Alto,Alto
CMR0739,Alto,Alto,Alto,Médio,Alto,Alto
CMS0535,Baixo,Baixo,Baixo,Baixo,Baixo,Baixo
CMW0297,Baixo,Baixo,Baixo,Baixo,Médio,Baixo
CNC0449,Baixo,Baixo,Baixo,Baixo,Baixo,Baixo
CNC0691,Baixo,Alto,Médio,Médio,Alto,Alto
CND0936,Baixo,Alto,Baixo,Baixo,Médio,Médio
CNK0517,Baixo,Baixo,Baixo,Baixo,Baixo,Baixo
CNM0429,Baixo,Baixo,Baixo,Baixo,Baixo,Baixo
CNW0152,Baixo,Baixo,Baixo,Baixo,Baixo,Baixo
COF0905,Baixo,Médio,Médio,Baixo,Médio,Baixo
COM0966,Baixo,Baixo,Baixo,Baixo,Baixo,Baixo
CPG0569,Baixo,Baixo,Baixo,Baixo,Baixo,Baixo
CPM0659,Baixo,Alto,Baixo,Baixo,Médio,Baixo
CPS0014,Baixo,Baixo,Baixo,Baixo,Médio,Baixo
CPS0431,Baixo,Baixo,Baixo,Baixo,Médio,Baixo
CQC0853,Baixo,Baixo,Baixo,Baixo,Médio,Baixo
CQP0232,Baixo,Baixo,Baixo,Baixo,Médio,Baixo
CQR0391,Médio,Médio,Baixo,Médio,Alto,Alto
CQS0899,Baixo,Baixo,Baixo,Baixo,Baixo,Baixo
CRA0098,Baixo,Baixo,Baixo,Baixo,Médio,Baixo
CRC0458,Baixo,Baixo,Baixo,Baixo,Baixo,Baixo
CRG0028,Baixo,Médio,Baixo,Baixo,Alto,Alto
CRG0324,Baixo,Médio,Baixo,Baixo,Alto,Alto
CRG0736,Médio,Médio,Médio,Médio,Alto,Médio
CRL0906,Baixo,Baixo,Baixo,Baixo,Baixo,Baixo
CRL0909,Baixo,Médio,Baixo,Baixo,Médio,Baixo
CRM0128,Baixo,Baixo,Baixo,Baixo,Baixo,Baixo
CRM0133,Baixo,Baixo,Baixo,Baixo,Médio,Baixo
CRM0666,Médio,Médio,Médio,Baixo,Alto,Alto
CRM0852,Médio,Alto,Baixo,Médio,Alto,Alto
CRW0064,Baixo,Baixo,Baixo,Baixo,Médio,Baixo
CRW0908,Baixo,Médio,Baixo,Baixo,Médio,Baixo
CSC0581,Baixo,Baixo,Baixo,Baixo,Médio,Baixo
CSD0242,Médio,Médio,Baixo,Baixo,Alto,Alto
CSF0671,Alto,Médio,Médio,Médio,Alto,Alto
CSF0929,Médio,Alto,Médio,Baixo,Alto,Médio
CSG0227,Baixo,Médio,Baixo,Baixo,Médio,Alto
CSG0640,Médio,Alto,Alto,Alto,Alto,Alto
CSH0056,Baixo,Baixo,Baixo,Baixo,Baixo,Baixo
CSM0809,Médio,Médio,Médio,Médio,Alto,Médio
CSP0983,Baixo,Baixo,Baixo,Baixo,Médio,Baixo
CSW0531,Baixo,Baixo,Baixo,Baixo,Baixo,Baixo
CSW0588,Baixo,Baixo,Baixo,Baixo,Médio,Baixo
CTC0050,Baixo,Baixo,Baixo,Baixo,Médio,Baixo
CTE0576,Baixo,Baixo,Baixo,Baixo,Médio,Baixo
CTF0023,Baixo,Baixo,Baixo,Baixo,Médio,Baixo
CTM0390,Baixo,Médio,Médio,Baixo,Médio,Baixo
CTM0803,Baixo,Baixo,Baixo,Baixo,Médio,Baixo
CTP0499,Baixo,Baixo,Baixo,Baixo,Baixo,Baixo
CTR0215,Alto,Alto,Médio,Baixo,Alto,Alto
CTW0743,Médio,Médio,Médio,Médio,Alto,Médio
CTW0819,Baixo,Baixo,Baixo,Baixo,Baixo,Baixo
CUC0118,Baixo,Baixo,Baixo,Baixo,Médio,Baixo
CUD0505,Baixo,Baixo,Baixo,Baixo,Médio,Baixo
CUD0745,Baixo,Baixo,Baixo,Baixo,Baixo,Baixo
CUH0497,Baixo,Baixo,Baixo,Baixo,Baixo,Baixo
CUM0234,Baixo,Baixo,Baixo,Baixo,Baixo,Baixo
CVR0454,Médio,Baixo,Baixo,Baixo,Médio,Baixo
CWA0310,Médio,Médio,Médio,Médio,Alto,Médio
CYM0808,Médio,Médio,Médio,Médio,Alto,Médio
CZB0191,Alto,Alto,Alto,Médio,Alto,Alto
CZK0289,Baixo,Baixo,Baixo,Baixo,Baixo,Alto
CZM0425,Baixo,Baixo,Baixo,Baixo,Baixo,Baixo
DAA0286,Baixo,Baixo,Baixo,Baixo,Médio,Baixo
DAD0916,Alto,Alto,Alto,Médio,Alto,Alto
DAH0146,Médio,Baixo,Baixo,Baixo,Médio,Alto
DAH0309,Baixo,Baixo,Baixo,Baixo,Baixo,Baixo
DAJ0354,Baixo,Baixo,Baixo,Baixo,Baixo,Baixo
DAL0189,Médio,Médio,Baixo,Baixo,Médio,Alto
DAM0170,Baixo,Médio,Baixo,Baixo,Alto,Alto
DAM0321,Baixo,Baixo,Baixo,Baixo,Baixo,Baixo
DAR0984,Médio,Alto,Alto,Médio,Médio,Alto
DBH0485,Baixo,Baixo,Baixo,Baixo,Baixo,Baixo
DBM0279,Baixo,Baixo,Baixo,Baixo,Médio,Baixo
DBV0277,Baixo,Baixo,Baixo,Baixo,Médio,Baixo
DCB0109,Médio,Médio,Médio,Baixo,Alto,Alto
DCB0206,Baixo,Baixo,Baixo,Baixo,Baixo,Baixo
DCB0606,Médio,Médio,Médio,Médio,Alto,Médio
DCG0866,Baixo,Baixo,Baixo,Baixo,Alto,Alto
DCH0627,Médio,Médio,Médio,Médio,Alto,Médio
DCM0467,Baixo,Baixo,Baixo,Baixo,Médio,Baixo
DCM0757,Baixo,Baixo,Baixo,Baixo,Médio,Baixo
DCT0194,Baixo,Baixo,Baixo,Baixo,Médio,Alto
DCW0087,Alto,Alto,Alto,Médio,Alto,Alto
DCW0811,Baixo,Baixo,Baixo,Baixo,Baixo,Baixo
DCZ0636,Baixo,Baixo,Baixo,Baixo,Baixo,Baixo
DDB0047,Baixo,Baixo,Baixo,Baixo,Baixo,Baixo
DDB0507,Baixo,Baixo,Baixo,Baixo,Baixo,Baixo
DDE0942,Baixo,Baixo,Baixo,Baixo,Baixo,Baixo
DDL0572,Baixo,Baixo,Baixo,Baixo,Baixo,Baixo
DDM0776,Médio,Alto,Alto,Alto,Alto,Alto
DDR0928,Baixo,Baixo,Baixo,Baixo,Médio,Alto
DEC0664,Baixo,Baixo,Baixo,Baixo,Baixo,Baixo
DEI0246,Baixo,Médio,Baixo,Baixo,Médio,Baixo
DES0075,Baixo,Baixo,Baixo,Baixo,Médio,Baixo
DEW0544,Médio,Médio,Médio,Médio,Médio,Baixo
DEW0770,Médio,Médio,Médio,Médio,Médio,Médio
DFF0273,Baixo,Baixo,Baixo,Baixo,Médio,Baixo
DGC0484,Alto,Alto,Alto,Alto,Alto,Alto
DHB0086,Baixo,Baixo,Baixo,Baixo,Baixo,Baixo
DHB0696,Baixo,Médio,Baixo,Baixo,Médio,Médio
DHC0599,Médio,Baixo,Baixo,Baixo,Baixo,Baixo
DHH0260,Baixo,Médio,Baixo,Baixo,Baixo,Baixo
DHM0353,Baixo,Baixo,Baixo,Baixo,Médio,Baixo
DHP0182,Baixo,Baixo,Baixo,Baixo,Baixo,Alto
DHS0151,Baixo,Baixo,Baixo,Baixo,Médio,Baixo
DHW0130,Médio,Médio,Médio,Médio,Alto,Médio
DIA0854,Baixo,Baixo,Baixo,Baixo,Médio,Baixo
DIB0207,Médio,Médio,Médio,Médio,Alto,Médio
DIL0607,Médio,Médio,Médio,Médio,Alto,Alto
DIM0254,Baixo,Médio,Baixo,Baixo,Médio,Alto
DIM0841,Baixo,Baixo,Baixo,Baixo,Baixo,Baixo
DIV0622,Médio,Baixo,Baixo,Baixo,Baixo,Baixo
DJC0178,Baixo,Baixo,Baixo,Baixo,Baixo,Baixo
DJG0393,Baixo,Baixo,Baixo,Baixo,Baixo,Baixo
DJH0245,Baixo,Baixo,Baixo,Baixo,Baixo,Baixo
DJM0094,Baixo,Baixo,Baixo,Baixo,Baixo,Baixo
DJP0489,Baixo,Baixo,Baixo,Baixo,Baixo,Baixo
DJS0406,Baixo,Baixo,Baixo,Baixo,Baixo,Baixo
DJV0692,Baixo,Baixo,Baixo,Baixo,Médio,Baixo
DJW0698,Alto,Alto,Médio,Médio,Médio,Alto
DKB0356,Baixo,Baixo,Baixo,Baixo,Médio,Baixo
DKB0775,Médio,Médio,Médio,Médio,Alto,Médio
DKF0483,Médio,Médio,Médio,Médio,Médio,Baixo
DKH0601,Médio,Baixo,Baixo,Baixo,Baixo,Baixo
DKK0180,Baixo,Baixo,Baixo,Baixo,Baixo,Baixo
DKO0705,Baixo,Baixo,Baixo,Baixo,Baixo,Baixo
DKP0403,Baixo,Médio,Baixo,Baixo,Alto,Alto
DKS0893,Baixo,Baixo,Baixo,Baixo,Médio,Baixo
DLH0806,Médio,Baixo,Baixo,Baixo,Médio,Baixo
DLS0375,Médio,Médio,Médio,Médio,Médio,Baixo
DLS0596,Médio,Baixo,Baixo,Baixo,Alto,Alto
DLW0556,Baixo,Baixo,Baixo,Baixo,Baixo,Baixo
DMB0653,Médio,Médio,Médio,Médio,Alto,Médio
DMH0632,Baixo,Baixo,Baixo,Baixo,Baixo,Baixo
DMM0456,Baixo,Baixo,Baixo,Baixo,Baixo,Baixo
DMS0876,Baixo,Baixo,Baixo,Baixo,Baixo,Baixo
DNG0938,Médio,Médio,Baixo,Baixo,Alto,Alto
DNS0397,Baixo,Baixo,Baixo,Baixo,Baixo,Baixo
DOT0095,Médio,Baixo,Baixo,Baixo,Médio,Baixo
DPB0652,Baixo,Baixo,Baixo,Baixo,Médio,Baixo
DQM0392,Baixo,Médio,Baixo,Médio,Alto,Alto
DRF0617,Médio,Baixo,Baixo,Baixo,Baixo,Baixo
DRH0268,Baixo,Baixo,Baixo,Baixo,Baixo,Baixo
DRH1000,Baixo,Baixo,Baixo,Baixo,Baixo,Baixo
DRL0224,Baixo,Baixo,Baixo,Baixo,Médio,Alto
DRW0195,Médio,Baixo,Baixo,Baixo,Médio,Baixo
DSA0331,Baixo,Baixo,Baixo,Baixo,Baixo,Baixo
DSL0016,Baixo,Baixo,Baixo,Baixo,Baixo,Baixo
DSL0441,Alto,Alto,Alto,Médio,Alto,Alto
DSM0311,Baixo,Baixo,Baixo,Baixo,Baixo,Baixo
DSP0738,Baixo,Baixo,Baixo,Baixo,Baixo,Baixo
DSR0228,Baixo,Baixo,Baixo,Baixo,Baixo,Baixo
DSW0129,Baixo,Baixo,Baixo,Baixo,Baixo,Baixo
DSZ0288,Baixo,Médio,Baixo,Baixo,Alto,Alto
DTA0168,Baixo,Baixo,Baixo,Baixo,Baixo,Baixo
DTE0302,Baixo,Baixo,Baixo,Baixo,Médio,Baixo
DTP0863,Baixo,Baixo,Baixo,Baixo,Médio,Baixo
DUW0537,Alto,Alto,Alto,Médio,Alto,Alto
DVS0259,Baixo,Baixo,Baixo,Baixo,Baixo,Baixo
DVV0933,Baixo,Baixo,Baixo,Baixo,Médio,Baixo
DWC0525,Médio,Médio,Baixo,Baixo,Alto,Alto
DWG0209,Alto,Alto,Alto,Médio,Alto,Alto
DWM0143,Baixo,Baixo,Baixo,Baixo,Médio,Baixo
DWP0971,Baixo,Baixo,Baixo,Baixo,Médio,Baixo
DYB0399,Baixo,Baixo,Baixo,Baixo,Baixo,Baixo
DYC0734,Baixo,Baixo,Baixo,Baixo,Baixo,Baixo
DYS0230,Baixo,Baixo,Baixo,Baixo,Baixo,Baixo
DZB0333,Baixo,Baixo,Baixo,Baixo,Baixo,Baixo
DZB0401,Baixo,Baixo,Baixo,Baixo,Baixo,Baixo
DZJ0261,Baixo,Baixo,Baixo,Baixo,Médio,Baixo
DZO0452,Baixo,Baixo,Baixo,Baixo,Médio,Baixo
EAB0108,Baixo,Baixo,Baixo,Baixo,Baixo,Baixo
EAD0651,Baixo,Baixo,Baixo,Baixo,Baixo,Baixo
EAF0790,Médio,Baixo,Baixo,Baixo,Médio,Baixo
EAH0562,Médio,Alto,Alto,Médio,Alto,Médio
EAL0240,Baixo,Baixo,Baixo,Baixo,Baixo,Baixo
EAL0684,Baixo,Baixo,Baixo,Baixo,Baixo,Baixo
EAN0549,Médio,Baixo,Baixo,Baixo,Médio,Alto
EBB0031,Baixo,Baixo,Baixo,Baixo,Médio,Baixo
EBC0071,Baixo,Baixo,Baixo,Baixo,Baixo,Baixo
EBC0186,Baixo,Baixo,Baixo,Baixo,Baixo,Baixo
EBH0519,Alto,Alto,Alto,Alto,Alto,Alto
EBH0612,Alto,Alto,Alto,Médio,Alto,Alto
EBR0763,Médio,Médio,Médio,Baixo,Médio,Médio
EBS0102,Baixo,Baixo,Baixo,Baixo,Baixo,Baixo
EBS0706,Médio,Médio,Médio,Médio,Médio,Médio
ECC0383,Médio,Alto,Médio,Alto,Alto,Alto
ECD0319,Baixo,Baixo,Baixo,Baixo,Baixo,Baixo
ECF0196,Alto,Alto,Alto,Alto,Alto,Alto
ECP0997,Médio,Baixo,Baixo,Baixo,Médio,Baixo
ECR0818,Médio,Médio,Médio,Médio,Alto,Médio
ECS0306,Baixo,Baixo,Baixo,Baixo,Baixo,Baixo
ECS0954,Médio,Médio,Médio,Médio,Alto,Médio
ECT0117,Baixo,Baixo,Baixo,Baixo,Baixo,Baixo
ECW0754,Médio,Médio,Médio,Médio,Médio,Médio
EDM0346,Alto,Alto,Alto,Alto,Alto,Alto
EDP0470,Baixo,Baixo,Baixo,Baixo,Médio,Baixo
EER0383,Baixo,Baixo,Baixo,Baixo,Baixo,Baixo
EEW0764,Baixo,Baixo,Baixo,Baixo,Baixo,Baixo
EFW0645,Baixo,Baixo,Baixo,Baixo,Médio,Alto
EGL0836,Médio,Médio,Médio,Baixo,Alto,Alto
EGR0961,Médio,Médio,Baixo,Baixo,Alto,Alto
EGW0770,Baixo,Baixo,Baixo,Baixo,Baixo,Baixo
EHK0070,Baixo,Baixo,Baixo,Baixo,Baixo,Baixo
EHP0795,Baixo,Baixo,Baixo,Baixo,Médio,Baixo
EHS0481,Baixo,Médio,Médio,Médio,Médio,Baixo
EIT0461,Baixo,Baixo,Baixo,Baixo,Baixo,Baixo
EJG0504,Médio,Baixo,Baixo,Baixo,Médio,Alto
EJM0433,Baixo,Baixo,Baixo,Baixo,Médio,Baixo
EJO0646,Baixo,Baixo,Baixo,Baixo,Baixo,Baixo
EJW0059,Médio,Médio,Médio,Baixo,Alto,Alto
EKC0952,Baixo,Baixo,Baixo,Baixo,Baixo,Alto
ELB0647,Baixo,Baixo,Baixo,Baixo,Baixo,Baixo
ELR0855,Baixo,Baixo,Baixo,Baixo,Baixo,Baixo
EMG0358,Baixo,Baixo,Baixo,Baixo,Baixo,Baixo
EMM0153,Baixo,Baixo,Baixo,Baixo,Baixo,Baixo
END0680,Baixo,Baixo,Baixo,Baixo,Médio,Baixo
ENS0968,Baixo,Baixo,Baixo,Baixo,Baixo,Baixo
ENW0086,Médio,Baixo,Baixo,Baixo,Médio,Baixo
ENW0424,Baixo,Médio,Baixo,Baixo,Baixo,Baixo
EPP0584,Médio,Médio,Baixo,Baixo,Médio,Alto
EQR0340,Médio,Médio,Médio,Médio,Alto,Médio
ERB0769,Médio,Médio,Médio,Médio,Médio,Médio
ERC0384,Baixo,Baixo,Baixo,Baixo,Baixo,Baixo
ERL0366,Alto,Médio,Médio,Baixo,Alto,Alto
ERW0745,Médio,Médio,Médio,Médio,Alto,Médio
ESB0859,Médio,Alto,Médio,Baixo,Alto,Alto
ESG0856,Baixo,Baixo,Baixo,Baixo,Alto,Alto
ESH0637,Baixo,Baixo,Baixo,Baixo,Baixo,Baixo
ESM0123,Baixo,Baixo,Baixo,Baixo,Baixo,Baixo
ESM0695,Baixo,Baixo,Baixo,Baixo,Baixo,Baixo
ESN0827,Baixo,Baixo,Baixo,Baixo,Médio,Baixo
ETK0783,Baixo,Baixo,Baixo,Baixo,Baixo,Baixo
ETS0848,Médio,Baixo,Baixo,Baixo,Alto,Alto
EUC0551,Baixo,Médio,Médio,Baixo,Médio,Baixo
EVH0804,Baixo,Baixo,Baixo,Baixo,Baixo,Baixo
EVM0891,Baixo,Baixo,Baixo,Baixo,Baixo,Baixo
EVW0901,Baixo,Médio,Baixo,Baixo,Médio,Baixo
EWW0872,Baixo,Baixo,Baixo,Baixo,Baixo,Baixo
EXN0430,Baixo,Baixo,Baixo,Baixo,Baixo,Baixo
EXS0046,Baixo,Baixo,Baixo,Baixo,Médio,Baixo
EYO0336,Baixo,Baixo,Baixo,Baixo,Baixo,Baixo
FAA0834,Baixo,Baixo,Baixo,Baixo,Baixo,Baixo
FAB0318,Baixo,Baixo,Baixo,Baixo,Baixo,Baixo
FAH0982,Médio,Médio,Baixo,Baixo,Médio,Médio
FAM0347,Baixo,Baixo,Baixo,Baixo,Baixo,Baixo
FAM0455,Baixo,Baixo,Baixo,Baixo,Médio,Baixo
FBP0522,Alto,Alto,Alto,Alto,Alto,Alto
FBR0659,Médio,Médio,Médio,Baixo,Alto,Alto
FCR0583,Baixo,Alto,Baixo,Baixo,Alto,Alto
FCW0715,Baixo,Baixo,Baixo,Baixo,Baixo,Baixo
FED0275,Baixo,Médio,Baixo,Baixo,Alto,Alto
FEJ0567,Alto,Alto,Alto,Alto,Alto,Alto
FGW0218,Baixo,Baixo,Baixo,Baixo,Baixo,Baixo
FHB0989,Médio,Médio,Baixo,Baixo,Alto,Alto
FJD0048,Baixo,Baixo,Baixo,Baixo,Baixo,Baixo
FJS0991,Baixo,Baixo,Baixo,Baixo,Baixo,Baixo
FKC0253,Baixo,Baixo,Baixo,Baixo,Baixo,Baixo
FKF0235,Médio,Baixo,Baixo,Baixo,Médio,Alto
FKR0134,Baixo,Baixo,Baixo,Baixo,Médio,Baixo
FLR0476,Baixo,Médio,Baixo,Baixo,Médio,Baixo
FMB0794,Baixo,Baixo,Baixo,Baixo,Baixo,Baixo
FMH0432,Baixo,Baixo,Baixo,Baixo,Baixo,Baixo
FML0505,Baixo,Baixo,Baixo,Baixo,Baixo,Baixo
FND0181,Baixo,Baixo,Baixo,Baixo,Alto,Alto
FNF0635,Baixo,Baixo,Baixo,Baixo,Baixo,Baixo
FNS0001,Baixo,Baixo,Baixo,Baixo,Baixo,Baixo
FPS0900,Baixo,Médio,Baixo,Baixo,Médio,Baixo
FQJ0546,Baixo,Baixo,Baixo,Baixo,Médio,Alto
FRL0511,Baixo,Baixo,Baixo,Baixo,Baixo,Baixo
FSW0230,Baixo,Baixo,Baixo,Baixo,Médio,Baixo
FTP0140,Baixo,Baixo,Baixo,Baixo,Médio,Baixo
FTT0044,Baixo,Médio,Médio,Baixo,Alto,Alto
FTV0941,Médio,Médio,Médio,Médio,Alto,Médio
FUM0049,Médio,Médio,Baixo,Baixo,Alto,Alto
FWT0608,Médio,Baixo,Baixo,Baixo,Baixo,Alto
FXA0852,Baixo,Médio,Baixo,Baixo,Baixo,Baixo
GAC0877,Baixo,Baixo,Baixo,Baixo,Baixo,Baixo
GAG0177,Médio,Baixo,Baixo,Baixo,Alto,Alto
GAP0262,Baixo,Baixo,Baixo,Baixo,Baixo,Baixo
GAP0417,Médio,Alto,Alto,Alto,Alto,Alto
GAS0626,Médio,Baixo,Baixo,Baixo,Baixo,Baixo
GAW0314,Baixo,Baixo,Baixo,Baixo,Médio,Alto
GBC0129,Médio,Baixo,Baixo,Baixo,Médio,Baixo
GBM0381,Baixo,Baixo,Baixo,Baixo,Baixo,Baixo
GBR0977,Médio,Médio,Médio,Médio,Alto,Médio
GCB0638,Médio,Médio,Médio,Médio,Alto,Médio
GCF0008,Baixo,Baixo,Baixo,Baixo,Médio,Baixo
GCI0248,Baixo,Médio,Baixo,Baixo,Médio,Baixo
GCJ0630,Médio,Médio,Médio,Médio,Alto,Médio
GCM0339,Médio,Alto,Alto,Médio,Alto,Médio
GDK0694,Médio,Médio,Médio,Médio,Médio,Alto
GEC0280,Médio,Médio,Baixo,Baixo,Alto,Alto
GED0343,Baixo,Médio,Baixo,Baixo,Alto,Alto
GEU0919,Médio,Médio,Médio,Médio,Alto,Médio
GFM0250,Baixo,Baixo,Baixo,Baixo,Baixo,Baixo
GGG0825,Baixo,Baixo,Baixo,Baixo,Médio,Baixo
GGH0657,Baixo,Baixo,Baixo,Baixo,Médio,Baixo
GGK0375,Baixo,Baixo,Baixo,Baixo,Baixo,Baixo
GGM0185,Baixo,Baixo,Baixo,Baixo,Baixo,Baixo
GGM0530,Médio,Médio,Médio,Baixo,Alto,Alto
GGP0764,Médio,Médio,Baixo,Baixo,Médio,Médio
GHG0667,Médio,Médio,Médio,Médio,Alto,Médio
GHS0949,Médio,Baixo,Baixo,Baixo,Médio,Baixo
GHW0944,Baixo,Baixo,Baixo,Baixo,Médio,Baixo
GIM1000,Médio,Baixo,Baixo,Baixo,Médio,Baixo
GJP0098,Médio,Baixo,Baixo,Baixo,Médio,Alto
GJW0111,Baixo,Baixo,Baixo,Baixo,Médio,Baixo
GKC0892,Médio,Baixo,Baixo,Baixo,Médio,Baixo
GKH0643,Baixo,Baixo,Baixo,Baixo,Baixo,Baixo
GKJ0184,Baixo,Baixo,Baixo,Baixo,Médio,Alto
GKT0166,Baixo,Médio,Baixo,Baixo,Baixo,Baixo
GKT0568,Médio,Baixo,Baixo,Baixo,Médio,Alto
GKY0171,Médio,Médio,Médio,Médio,Alto,Alto
GLH0154,Médio,Alto,Médio,Médio,Alto,Alto
GLP0163,Médio,Baixo,Baixo,Baixo,Médio,Baixo
GLW0148,Médio,Alto,Alto,Médio,Alto,Médio
GLW0278,Médio,Médio,Baixo,Baixo,Alto,Alto
GMM0746,Baixo,Médio,Baixo,Baixo,Alto,Alto
GMP0832,Baixo,Baixo,Baixo,Baixo,Médio,Baixo
GND0780,Baixo,Médio,Baixo,Baixo,Médio,Baixo
GNG0386,Médio,Médio,Médio,Médio,Médio,Alto
GNY0144,Baixo,Alto,Baixo,Baixo,Médio,Médio
GOG0650,Baixo,Baixo,Baixo,Baixo,Baixo,Baixo
GOI0854,Baixo,Baixo,Baixo,Baixo,Baixo,Alto
GQG0464,Baixo,Baixo,Baixo,Baixo,Médio,Baixo
GRB0058,Médio,Médio,Baixo,Baixo,Médio,Baixo
GRC0025,Baixo,Baixo,Baixo,Baixo,Médio,Baixo
GRM0188,Baixo,Baixo,Baixo,Baixo,Baixo,Baixo
GRM0263,Baixo,Médio,Baixo,Baixo,Médio,Alto
GRR0017,Baixo,Baixo,Baixo,Baixo,Baixo,Baixo
GRW0704,Baixo,Baixo,Baixo,Baixo,Baixo,Baixo
GSB0575,Médio,Baixo,Baixo,Baixo,Médio,Baixo
GSO0472,Baixo,Médio,Baixo,Baixo,Baixo,Alto
GSP0475,Baixo,Baixo,Baixo,Baixo,Baixo,Baixo
GSW0127,Baixo,Baixo,Baixo,Baixo,Baixo,Alto
GTC0331,Baixo,Baixo,Baixo,Baixo,Médio,Baixo
GTF0396,Baixo,Médio,Baixo,Baixo,Alto,Alto
GVC0621,Baixo,Baixo,Baixo,Baixo,Médio,Baixo
GVH0859,Baixo,Baixo,Baixo,Baixo,Baixo,Baixo
GVR0785,Médio,Baixo,Baixo,Baixo,Médio,Baixo
GWB0683,Baixo,Baixo,Baixo,Baixo,Baixo,Baixo
GWC0187,Baixo,Baixo,Baixo,Baixo,Médio,Baixo
GWG0024,Baixo,Baixo,Baixo,Baixo,Médio,Baixo
GXB0655,Baixo,Baixo,Baixo,Baixo,Baixo,Baixo
GYD0752,Baixo,Baixo,Baixo,Baixo,Baixo,Baixo
HAC0651,Baixo,Baixo,Baixo,Baixo,Médio,Baixo
HAJ0975,Médio,Baixo,Baixo,Baixo,Médio,Baixo
HAM0510,Alto,Alto,Alto,Alto,Alto,Alto
HAP0201,Médio,Baixo,Baixo,Baixo,Médio,Baixo
HAS0258,Baixo,Alto,Médio,Médio,Médio,Alto
HBB0090,Médio,Baixo,Baixo,Baixo,Médio,Alto
HBB0719,Médio,Alto,Baixo,Baixo,Médio,Médio
HBC0672,Baixo,Baixo,Baixo,Baixo,Médio,Baixo
HBS0270,Baixo,Baixo,Baixo,Baixo,Baixo,Baixo
HCE0726,Baixo,Baixo,Baixo,Baixo,Médio,Baixo
HCF0334,Médio,Alto,Médio,Médio,Alto,Alto
HCH0203,Alto,Alto,Médio,Médio,Alto,Alto
HCH0753,Médio,Baixo,Baixo,Baixo,Médio,Baixo
HCH0981,Médio,Baixo,Baixo,Baixo,Médio,Baixo
HCR0149,Baixo,Baixo,Baixo,Baixo,Baixo,Baixo
HCR0341,Baixo,Baixo,Baixo,Baixo,Baixo,Baixo
HCS0965,Médio,Médio,Médio,Médio,Alto,Médio
HDA0488,Baixo,Baixo,Baixo,Baixo,Baixo,Baixo
HDB0806,Baixo,Baixo,Baixo,Baixo,Médio,Alto
HDE0756,Baixo,Baixo,Baixo,Baixo,Médio,Baixo
HDG0417,Baixo,Médio,Baixo,Baixo,Alto,Alto
HDH0266,Baixo,Baixo,Baixo,Baixo,Baixo,Baixo
HDK0155,Baixo,Baixo,Baixo,Baixo,Baixo,Baixo
HDR0897,Baixo,Médio,Médio,Médio,Médio,Baixo
HDW0495,Médio,Médio,Médio,Médio,Médio,Baixo
HEF0157,Médio,Médio,Baixo,Baixo,Alto,Alto
HFF0415,Baixo,Baixo,Baixo,Baixo,Médio,Baixo
HFJ0238,Baixo,Baixo,Baixo,Baixo,Médio,Baixo
HFP0394,Baixo,Baixo,Baixo,Baixo,Médio,Baixo
HGD0742,Baixo,Baixo,Baixo,Baixo,Médio,Alto
HGH0867,Baixo,Baixo,Baixo,Baixo,Baixo,Baixo
HGH0943,Médio,Médio,Baixo,Baixo,Alto,Alto
HGS0657,Baixo,Baixo,Baixo,Baixo,Baixo,Baixo
HGS0842,Baixo,Baixo,Baixo,Baixo,Baixo,Baixo
HHB0090,Baixo,Médio,Baixo,Baixo,Médio,Baixo
HHB0156,Baixo,Baixo,Baixo,Baixo,Médio,Baixo
HHL0126,Médio,Alto,Médio,Médio,Médio,Baixo
HHR0024,Baixo,Baixo,Baixo,Baixo,Baixo,Baixo
HHS0799,Baixo,Baixo,Baixo,Baixo,Baixo,Baixo
HIB0502,Baixo,Baixo,Baixo,Baixo,Baixo,Baixo
HJB0227,Baixo,Baixo,Baixo,Baixo,Baixo,Baixo
HJC0591,Médio,Baixo,Baixo,Baixo,Médio,Baixo
HJK0421,Baixo,Baixo,Baixo,Baixo,Baixo,Baixo
HJK0496,Baixo,Médio,Médio,Médio,Médio,Baixo
HJM0337,Baixo,Baixo,Baixo,Baixo,Médio,Baixo
HJS0946,Médio,Baixo,Baixo,Baixo,Médio,Alto
HJV0721,Médio,Médio,Médio,Baixo,Médio,Médio
HKC0445,Baixo,Baixo,Baixo,Baixo,Baixo,Baixo
HKC0544,Baixo,Baixo,Baixo,Baixo,Baixo,Baixo
HKH0136,Médio,Baixo,Baixo,Baixo,Médio,Baixo
HKH0249,Baixo,Médio,Baixo,Baixo,Médio,Baixo
HKK0363,Baixo,Baixo,Baixo,Baixo,Baixo,Baixo
HKK0961,Alto,Alto,Alto,Alto,Alto,Alto
HKP0055,Baixo,Baixo,Baixo,Baixo,Médio,Baixo
HKW0211,Alto,Alto,Alto,Médio,Alto,Alto
HLJ0796,Baixo,Baixo,Baixo,Baixo,Baixo,Baixo
HLP0506,Médio,Alto,Alto,Médio,Alto,Médio
HLS0452,Baixo,Baixo,Baixo,Baixo,Baixo,Baixo
HLS0648,Baixo,Baixo,Baixo,Baixo,Baixo,Baixo
HMB0285,Baixo,Baixo,Baixo,Baixo,Baixo,Baixo
HMD0974,Médio,Alto,Médio,Médio,Médio,Alto
HML0060,Baixo,Baixo,Baixo,Baixo,Baixo,Baixo
HML0159,Médio,Médio,Médio,Médio,Alto,Médio
HMP0120,Baixo,Baixo,Baixo,Baixo,Baixo,Baixo
HMR0409,Alto,Alto,Alto,Alto,Alto,Alto
HMW0274,Baixo,Alto,Alto,Médio,Médio,Baixo
HNE0031,Baixo,Baixo,Baixo,Baixo,Baixo,Baixo
HNW0537,Médio,Baixo,Baixo,Baixo,Médio,Alto
HOA0074,Baixo,Baixo,Baixo,Baixo,Baixo,Baixo
HOJ0260,Médio,Baixo,Baixo,Baixo,Médio,Alto
HPL0787,Baixo,Médio,Baixo,Baixo,Baixo,Baixo
HPS0247,Médio,Alto,Alto,Alto,Alto,Alto
HQC0608,Médio,Médio,Médio,Médio,Alto,Alto
HRA0239,Baixo,Baixo,Baixo,Baixo,Médio,Baixo
HRH0272,Baixo,Médio,Baixo,Baixo,Alto,Alto
HRK0615,Médio,Baixo,Baixo,Baixo,Baixo,Baixo
HRL0797,Médio,Médio,Médio,Médio,Alto,Médio
HRL0843,Baixo,Baixo,Baixo,Baixo,Baixo,Baixo
HRN0322,Baixo,Baixo,Baixo,Baixo,Médio,Baixo
HSM0330,Baixo,Baixo,Baixo,Baixo,Baixo,Baixo
HSM0733,Médio,Baixo,Baixo,Baixo,Médio,Baixo
HSS0018,Médio,Médio,Médio,Médio,Alto,Médio
HSS0758,Médio,Médio,Médio,Médio,Alto,Médio
HTB0658,Baixo,Baixo,Baixo,Baixo,Médio,Baixo
HTE0871,Baixo,Baixo,Baixo,Baixo,Baixo,Baixo
HTL0808,Baixo,Baixo,Baixo,Baixo,Baixo,Baixo
HTM0690,Baixo,Médio,Baixo,Baixo,Baixo,Baixo
HTM0738,Médio,Baixo,Baixo,Baixo,Médio,Baixo
HTM0956,Médio,Baixo,Baixo,Baixo,Médio,Baixo
HTW0794,Baixo,Baixo,Baixo,Baixo,Médio,Baixo
HVE0320,Baixo,Médio,Baixo,Baixo,Alto,Alto
HWB0420,Médio,Alto,Médio,Médio,Alto,Alto
HWR0351,Baixo,Baixo,Baixo,Baixo,Baixo,Baixo
HWT0469,Baixo,Baixo,Baixo,Baixo,Médio,Baixo
HYC0955,Médio,Baixo,Baixo,Baixo,Médio,Baixo
HZC0215,Baixo,Médio,Baixo,Baixo,Alto,Alto
HZM0624,Alto,Alto,Alto,Baixo,Alto,Alto
IAB0194,Médio,Alto,Alto,Médio,Alto,Alto
IAF0204,Baixo,Baixo,Baixo,Baixo,Médio,Baixo
IAF0403,Baixo,Baixo,Baixo,Baixo,Médio,Alto
IAF0828,Médio,Baixo,Baixo,Baixo,Médio,Baixo
IAH0365,Baixo,Baixo,Baixo,Baixo,Médio,Baixo
IAK0372,Baixo,Baixo,Baixo,Baixo,Médio,Baixo
IAM0927,Baixo,Baixo,Baixo,Baixo,Baixo,Baixo
IAS0296,Baixo,Médio,Médio,Médio,Alto,Médio
IAS0626,Médio,Médio,Médio,Médio,Alto,Alto
IAW0469,Baixo,Baixo,Baixo,Baixo,Baixo,Baixo
IBB0493,Baixo,Baixo,Baixo,Baixo,Baixo,Baixo
IBC0664,Médio,Baixo,Baixo,Baixo,Médio,Baixo
IBS0766,Alto,Alto,Alto,Alto,Alto,Alto
ICB0303,Baixo,Baixo,Baixo,Baixo,Baixo,Baixo
ICP0596,Médio,Médio,Médio,Médio,Alto,Médio
ICR0454,Baixo,Baixo,Baixo,Baixo,Baixo,Baixo
ICR0875,Médio,Baixo,Baixo,Baixo,Alto,Alto
IDG0013,Baixo,Médio,Baixo,Baixo,Alto,Alto
IDM0326,Médio,Alto,Médio,Médio,Alto,Alto
IEF0011,Médio,Baixo,Baixo,Baixo,Baixo,Baixo
IFS0486,Baixo,Baixo,Baixo,Baixo,Baixo,Baixo
IHS0045,Médio,Alto,Médio,Baixo,Médio,Alto
IHT0597,Médio,Baixo,Baixo,Baixo,Médio,Baixo
IIS0810,Médio,Médio,Médio,Médio,Alto,Médio
IJM0436,Alto,Alto,Alto,Médio,Alto,Alto
IKT0755,Médio,Baixo,Baixo,Baixo,Médio,Baixo
IKW0723,Médio,Médio,Médio,Médio,Médio,Médio
ILB0480,Baixo,Médio,Baixo,Baixo,Médio,Baixo
IMB0459,Médio,Alto,Médio,Baixo,Médio,Alto
IMS0730,Baixo,Baixo,Baixo,Baixo,Baixo,Baixo
IMW0590,Baixo,Baixo,Baixo,Baixo,Baixo,Baixo
INC0685,Baixo,Médio,Baixo,Baixo,Alto,Alto
INL0534,Baixo,Baixo,Baixo,Baixo,Baixo,Baixo
INS0642,Baixo,Baixo,Baixo,Baixo,Baixo,Baixo
IOT0332,Baixo,Baixo,Baixo,Baixo,Médio,Baixo
IPC0542,Baixo,Baixo,Baixo,Baixo,Baixo,Baixo
IQW0294,Baixo,Alto,Médio,Médio,Médio,Baixo
IRC0741,Médio,Médio,Médio,Médio,Alto,Médio
IRF0054,Baixo,Baixo,Baixo,Baixo,Médio,Baixo
IRF0104,Baixo,Baixo,Baixo,Baixo,Médio,Baixo
IRM0637,Baixo,Baixo,Baixo,Baixo,Médio,Baixo
IRS0947,Médio,Baixo,Baixo,Baixo,Baixo,Médio
IRW0076,Baixo,Baixo,Baixo,Baixo,Baixo,Baixo
IRW0197,Baixo,Baixo,Baixo,Baixo,Médio,Baixo
ISB0351,Baixo,Baixo,Baixo,Baixo,Médio,Baixo
ISP0980,Baixo,Baixo,Baixo,Baixo,Baixo,Baixo
ITG0649,Médio,Médio,Médio,Médio,Alto,Médio
ITP0030,Baixo,Baixo,Baixo,Baixo,Baixo,Baixo
IUM0065,Médio,Baixo,Baixo,Baixo,Médio,Alto
IWS0585,Médio,Baixo,Baixo,Baixo,Médio,Baixo
IYF0269,Baixo,Baixo,Baixo,Baixo,Médio,Baixo
IZR0263,Baixo,Baixo,Baixo,Baixo,Baixo,Baixo
IZS0710,Baixo,Baixo,Baixo,Baixo,Baixo,Baixo
JAB0052,Baixo,Baixo,Baixo,Baixo,Baixo,Baixo
JAB0249,Baixo,Baixo,Baixo,Baixo,Baixo,Baixo
JAC0588,Baixo,Baixo,Baixo,Baixo,Baixo,Baixo
JAF0755,Baixo,Baixo,Baixo,Baixo,Baixo,Baixo
JAJ0183,Médio,Alto,Baixo,Baixo,Alto,Alto
JAL0281,Baixo,Baixo,Baixo,Baixo,Baixo,Baixo
JAL0633,Baixo,Baixo,Baixo,Baixo,Baixo,Baixo
JAO0817,Médio,Alto,Alto,Alto,Alto,Alto
JAR0172,Médio,Baixo,Baixo,Baixo,Médio,Baixo
JAR0771,Baixo,Baixo,Baixo,Baixo,Baixo,Baixo
JAW0003,Médio,Médio,Médio,Baixo,Alto,Alto
JAW0007,Baixo,Baixo,Baixo,Baixo,Médio,Baixo
JAW0168,Médio,Baixo,Baixo,Baixo,Médio,Baixo
JAW0355,Baixo,Baixo,Baixo,Baixo,Baixo,Baixo
JBA0577,Baixo,Baixo,Baixo,Baixo,Baixo,Baixo
JBB0413,Médio,Médio,Médio,Médio,Alto,Médio
JBB0935,Baixo,Baixo,Baixo,Baixo,Baixo,Baixo
JBR0333,Baixo,Baixo,Baixo,Baixo,Médio,Baixo
JBR0593,Baixo,Baixo,Baixo,Baixo,Baixo,Baixo
JBR0891,Médio,Médio,Médio,Médio,Alto,Médio
JBS0147,Baixo,Baixo,Baixo,Baixo,Baixo,Baixo
JBS0344,Baixo,Baixo,Baixo,Baixo,Baixo,Baixo
JBV0604,Alto,Alto,Alto,Médio,Alto,Alto
JCA0841,Baixo,Baixo,Baixo,Baixo,Médio,Baixo
JCB0710,Médio,Médio,Baixo,Baixo,Médio,Médio
JCE0258,Baixo,Médio,Baixo,Baixo,Alto,Alto
JCG0282,Baixo,Baixo,Baixo,Baixo,Baixo,Baixo
JCH0278,Baixo,Baixo,Baixo,Baixo,Baixo,Baixo
JCJ0477,Baixo,Médio,Baixo,Baixo,Médio,Baixo
JCL0430,Baixo,Baixo,Baixo,Baixo,Médio,Baixo
JCL0491,Baixo,Baixo,Baixo,Baixo,Baixo,Baixo
JCM0816,Baixo,Baixo,Baixo,Baixo,Baixo,Baixo
JCR0861,Baixo,Baixo,Baixo,Baixo,Baixo,Baixo
JCS0111,Baixo,Baixo,Baixo,Baixo,Baixo,Baixo
JCW0740,Médio,Baixo,Baixo,Baixo,Médio,Baixo
JDB0980,Baixo,Baixo,Baixo,Baixo,Médio,Baixo
JDD0087,Médio,Baixo,Baixo,Baixo,Médio,Alto
JDG0149,Médio,Alto,Alto,Médio,Alto,Médio
JDH0545,Médio,Alto,Alto,Alto,Alto,Alto
JDJ0017,Baixo,Alto,Médio,Médio,Médio,Baixo
JDP0426,Baixo,Baixo,Baixo,Baixo,Baixo,Baixo
JDR0892,Baixo,Baixo,Baixo,Baixo,Baixo,Baixo
JDV0815,Baixo,Baixo,Baixo,Baixo,Baixo,Baixo
JEB0076,Baixo,Baixo,Baixo,Baixo,Médio,Baixo
JEB0509,Baixo,Baixo,Baixo,Baixo,Baixo,Baixo
JEC0387,Baixo,Baixo,Baixo,Baixo,Baixo,Baixo
JED0704,Alto,Alto,Alto,Alto,Alto,Alto
JEP0793,Baixo,Baixo,Baixo,Baixo,Médio,Baixo
JFM0703,Médio,Médio,Baixo,Baixo,Médio,Médio
JGC0105,Médio,Médio,Médio,Baixo,Médio,Alto
JGF0556,Alto,Alto,Alto,Alto,Alto,Alto
JHC0595,Baixo,Baixo,Baixo,Baixo,Baixo,Baixo
JHH0974,Baixo,Baixo,Baixo,Baixo,Médio,Alto
JHW0820,Médio,Baixo,Baixo,Baixo,Médio,Baixo
JIB0860,Baixo,Baixo,Baixo,Baixo,Médio,Baixo
JIF0711,Baixo,Baixo,Baixo,Baixo,Baixo,Baixo
JJB0371,Baixo,Baixo,Baixo,Baixo,Médio,Baixo
JJB0986,Médio,Baixo,Baixo,Baixo,Médio,Baixo
JJF0924,Médio,Baixo,Baixo,Baixo,Médio,Baixo
JJL0257,Baixo,Baixo,Baixo,Baixo,Baixo,Baixo
JJP0165,Baixo,Baixo,Baixo,Baixo,Baixo,Baixo
JJP0687,Baixo,Baixo,Baixo,Baixo,Médio,Baixo
JKB0765,Baixo,Médio,Baixo,Baixo,Alto,Alto
JKD0625,Alto,Médio,Médio,Médio,Alto,Alto
JKG0216,Baixo,Baixo,Baixo,Baixo,Alto,Alto
JKM0661,Baixo,Baixo,Baixo,Baixo,Baixo,Baixo
JKP0723,Baixo,Baixo,Baixo,Baixo,Baixo,Baixo
JKR0239,Baixo,Baixo,Baixo,Baixo,Baixo,Baixo
JKR0587,Baixo,Baixo,Baixo,Baixo,Baixo,Baixo
JKS0435,Médio,Médio,Baixo,Baixo,Alto,Alto
JLA0447,Baixo,Baixo,Baixo,Baixo,Médio,Alto
JLC0833,Baixo,Baixo,Baixo,Baixo,Médio,Baixo
JLH0035,Baixo,Baixo,Baixo,Baixo,Médio,Baixo
JLH0275,Baixo,Baixo,Baixo,Baixo,Médio,Baixo
JLH0732,Médio,Alto,Alto,Alto,Alto,Alto
JLI0073,Baixo,Médio,Baixo,Baixo,Alto,Alto
JLK0681,Baixo,Baixo,Baixo,Baixo,Médio,Alto
JLM0399,Baixo,Baixo,Baixo,Baixo,Médio,Baixo
JLS0448,Médio,Baixo,Baixo,Baixo,Médio,Baixo
JLW0437,Baixo,Baixo,Baixo,Baixo,Médio,Baixo
JMA0109,Médio,Baixo,Baixo,Baixo,Baixo,Baixo
JMB0069,Baixo,Médio,Baixo,Baixo,Médio,Baixo
JMB0781,Baixo,Baixo,Baixo,Baixo,Baixo,Baixo
JMC0198,Baixo,Baixo,Baixo,Baixo,Médio,Baixo
JMH0905,Baixo,Baixo,Baixo,Baixo,Baixo,Baixo
JMM0886,Médio,Baixo,Baixo,Baixo,Médio,Baixo
JMT0232,Baixo,Baixo,Baixo,Baixo,Baixo,Baixo
JMW0648,Baixo,Baixo,Baixo,Baixo,Médio,Baixo
JMW0835,Baixo,Baixo,Baixo,Baixo,Médio,Baixo
JNC0320,Baixo,Alto,Médio,Médio,Alto,Alto
JNW0252,Médio,Baixo,Baixo,Baixo,Médio,Alto
JOH0068,Baixo,Baixo,Baixo,Baixo,Baixo,Baixo
JOL0996,Médio,Baixo,Baixo,Baixo,Médio,Baixo
JOM0175,Médio,Médio,Baixo,Baixo,Alto,Alto
JOP0114,Médio,Baixo,Baixo,Baixo,Baixo,Baixo
JOS0323,Médio,Alto,Médio,Médio,Alto,Alto
JPC0464,Baixo,Baixo,Baixo,Baixo,Baixo,Baixo
JPF0028,Médio,Médio,Médio,Baixo,Alto,Alto
JPM0122,Baixo,Baixo,Baixo,Baixo,Baixo,Baixo
JPM0871,Baixo,Baixo,Baixo,Baixo,Baixo,Baixo
JPS0880,Baixo,Baixo,Baixo,Baixo,Baixo,Baixo
JQJ0479,Baixo,Médio,Baixo,Baixo,Médio,Baixo
JQV0922,Alto,Alto,Alto,Médio,Alto,Alto
JRB0424,Médio,Alto,Baixo,Baixo,Alto,Alto
JRB0942,Médio,Baixo,Baixo,Baixo,Médio,Baixo
JRG0089,Baixo,Baixo,Baixo,Baixo,Baixo,Baixo
JRG0565,Baixo,Baixo,Baixo,Baixo,Baixo,Baixo
JRS0610,Médio,Baixo,Baixo,Baixo,Baixo,Baixo
JRV0778,Médio,Alto,Médio,Médio,Alto,Alto
JSB0438,Baixo,Baixo,Baixo,Baixo,Baixo,Baixo
JSB0564,Médio,Médio,Baixo,Baixo,Alto,Alto
JSB0810,Baixo,Baixo,Baixo,Baixo,Baixo,Baixo
JSD0488,Médio,Alto,Médio,Médio,Alto,Médio
JSG0551,Baixo,Baixo,Baixo,Baixo,Baixo,Baixo
JSN0536,Baixo,Médio,Baixo,Baixo,Baixo,Baixo
JSP0152,Baixo,Baixo,Baixo,Baixo,Médio,Baixo
JSW0862,Baixo,Baixo,Baixo,Baixo,Médio,Baixo
JTB0079,Médio,Baixo,Baixo,Baixo,Médio,Alto
JTC0313,Médio,Médio,Médio,Baixo,Alto,Alto
JTR0162,Baixo,Baixo,Baixo,Baixo,Baixo,Baixo
JTS0619,Baixo,Baixo,Baixo,Baixo,Médio,Baixo
JTS0917,Alto,Alto,Alto,Médio,Alto,Alto
JUC0443,Baixo,Baixo,Baixo,Baixo,Médio,Baixo
JUD0798,Baixo,Baixo,Baixo,Baixo,Médio,Baixo
JVB0431,Baixo,Baixo,Baixo,Baixo,Baixo,Baixo
JVC0800,Baixo,Médio,Baixo,Baixo,Médio,Baixo
JVM0660,Baixo,Baixo,Baixo,Baixo,Médio,Baixo
JVS0212,Alto,Alto,Alto,Médio,Alto,Alto
JVW0042,Baixo,Baixo,Baixo,Baixo,Baixo,Baixo
JWS0948,Alto,Alto,Alto,Alto,Alto,Alto
JXD0869,Médio,Alto,Alto,Alto,Alto,Alto
JXH0844,Baixo,Médio,Baixo,Baixo,Baixo,Baixo
JYB0548,Baixo,Médio,Baixo,Baixo,Médio,Baixo
JYC0133,Baixo,Baixo,Baixo,Baixo,Baixo,Baixo
JYG0912,Baixo,Baixo,Baixo,Baixo,Médio,Baixo
JYM0032,Baixo,Baixo,Baixo,Baixo,Médio,Baixo
JYM0468,Baixo,Baixo,Baixo,Baixo,Baixo,Baixo
JZA0447,Alto,Alto,Alto,Alto,Alto,Alto
JZT0769,Baixo,Baixo,Baixo,Baixo,Baixo,Baixo
KAA0526,Médio,Alto,Alto,Médio,Alto,Médio
KAC0037,Baixo,Baixo,Baixo,Baixo,Baixo,Baixo
KAC0245,Médio,Alto,Alto,Médio,Alto,Médio
KAG0412,Médio,Médio,Médio,Médio,Alto,Médio
KAH0660,Baixo,Baixo,Baixo,Baixo,Baixo,Baixo
KAH0890,Baixo,Baixo,Baixo,Baixo,Baixo,Baixo
KAJ0233,Baixo,Baixo,Baixo,Baixo,Baixo,Baixo
KAK0992,Alto,Alto,Alto,Médio,Alto,Alto
KAP0237,Baixo,Baixo,Baixo,Baixo,Baixo,Alto
KAR0972,Baixo,Baixo,Baixo,Baixo,Baixo,Baixo
KAS0887,Médio,Médio,Médio,Médio,Alto,Médio
KAV0428,Baixo,Baixo,Baixo,Baixo,Baixo,Baixo
KAW0462,Médio,Alto,Alto,Médio,Alto,Alto
KBC0531,Médio,Médio,Médio,Médio,Alto,Alto
KBF0837,Baixo,Baixo,Baixo,Baixo,Baixo,Baixo
KBJ0345,Baixo,Baixo,Baixo,Baixo,Baixo,Baixo
KCB0534,Médio,Médio,Médio,Médio,Alto,Alto
KCE0885,Baixo,Baixo,Baixo,Baixo,Baixo,Baixo
KCF0224,Médio,Médio,Baixo,Baixo,Alto,Alto
KCH0441,Médio,Baixo,Baixo,Baixo,Médio,Alto
KCL0381,Médio,Alto,Médio,Médio,Médio,Baixo
KCL0761,Médio,Médio,Médio,Médio,Médio,Médio
KCR0788,Baixo,Baixo,Baixo,Baixo,Baixo,Baixo
KCS0267,Baixo,Baixo,Baixo,Baixo,Baixo,Baixo
KCS0524,Médio,Baixo,Baixo,Baixo,Médio,Baixo
KCW0510,Baixo,Baixo,Baixo,Baixo,Baixo,Baixo
KDD0511,Médio,Médio,Médio,Médio,Médio,Médio
KDG0139,Médio,Médio,Baixo,Baixo,Alto,Alto
KDH0290,Baixo,Baixo,Baixo,Baixo,Baixo,Baixo
KDK0666,Baixo,Baixo,Baixo,Baixo,Médio,Alto
KDV0908,Baixo,Baixo,Baixo,Baixo,Baixo,Baixo
KEP0423,Baixo,Baixo,Baixo,Baixo,Médio,Baixo
KES0463,Médio,Baixo,Baixo,Baixo,Médio,Alto
KFB0241,Médio,Médio,Médio,Médio,Alto,Médio
KFB0590,Médio,Médio,Médio,Médio,Alto,Médio
KFD0578,Baixo,Baixo,Baixo,Baixo,Médio,Baixo
KFS0225,Baixo,Baixo,Baixo,Baixo,Baixo,Baixo
KGC0571,Baixo,Baixo,Baixo,Baixo,Médio,Alto
KGM0616,Alto,Alto,Alto,Médio,Alto,Alto
KGR0690,Baixo,Baixo,Baixo,Baixo,Médio,Baixo
KHC0465,Baixo,Baixo,Baixo,Baixo,Médio,Baixo
KHE0639,Baixo,Baixo,Baixo,Baixo,Baixo,Baixo
KHM0967,Baixo,Baixo,Baixo,Baixo,Baixo,Baixo
KHV0283,Baixo,Baixo,Baixo,Baixo,Baixo,Baixo
KIC0148,Baixo,Baixo,Baixo,Baixo,Baixo,Baixo
KIC0329,Baixo,Baixo,Baixo,Baixo,Baixo,Baixo
KIH0809,Baixo,Baixo,Baixo,Baixo,Baixo,Baixo
KIL0618,Baixo,Baixo,Baixo,Baixo,Médio,Baixo
KJB0503,Baixo,Alto,Baixo,Baixo,Médio,Baixo
KJC0931,Médio,Alto,Médio,Baixo,Alto,Alto
KJF0253,Baixo,Alto,Baixo,Baixo,Médio,Médio
KJP0844,Alto,Alto,Alto,Médio,Alto,Alto
KJR0975,Baixo,Baixo,Baixo,Baixo,Baixo,Baixo
KKB0112,Baixo,Baixo,Baixo,Baixo,Baixo,Baixo
KKB0926,Baixo,Baixo,Baixo,Baixo,Baixo,Baixo
KKC0234,Baixo,Médio,Baixo,Baixo,Médio,Baixo
KKC0700,Baixo,Baixo,Baixo,Baixo,Baixo,Baixo
KKP0830,Baixo,Alto,Baixo,Baixo,Médio,Médio
KLB0940,Baixo,Baixo,Baixo,Baixo,Baixo,Baixo
KLF0685,Baixo,Médio,Baixo,Baixo,Alto,Alto
KLH0708,Médio,Médio,Baixo,Médio,Médio,Médio
KLR0496,Baixo,Baixo,Baixo,Baixo,Médio,Alto
KLR0721,Baixo,Baixo,Baixo,Baixo,Baixo,Baixo
KMD0580,Médio,Baixo,Baixo,Baixo,Médio,Baixo
KMH0307,Médio,Médio,Médio,Baixo,Alto,Alto
KMH0400,Baixo,Baixo,Baixo,Baixo,Médio,Baixo
KMH0978,Baixo,Baixo,Baixo,Baixo,Baixo,Baixo
KMH0998,Médio,Baixo,Baixo,Baixo,Médio,Baixo
KMJ0392,Baixo,Baixo,Baixo,Baixo,Baixo,Alto
KMK0714,Baixo,Baixo,Baixo,Baixo,Baixo,Baixo
KMT0169,Baixo,Baixo,Baixo,Baixo,Baixo,Baixo
KNC0291,Baixo,Baixo,Baixo,Baixo,Médio,Baixo
KNH0992,Baixo,Baixo,Baixo,Baixo,Baixo,Baixo
KNW0405,Baixo,Baixo,Baixo,Baixo,Médio,Baixo
KOM0357,Baixo,Baixo,Baixo,Baixo,Médio,Baixo
KPB0549,Médio,Alto,Alto,Médio,Médio,Alto
KPW0701,Baixo,Baixo,Baixo,Baixo,Baixo,Baixo
KRC0720,Baixo,Baixo,Baixo,Baixo,Baixo,Baixo
KRH0812,Médio,Alto,Alto,Médio,Alto,Alto
KRM0241,Baixo,Baixo,Baixo,Baixo,Baixo,Baixo
KSB0213,Médio,Alto,Médio,Baixo,Médio,Alto
KSC0255,Baixo,Baixo,Baixo,Baixo,Baixo,Baixo
KSD0008,Baixo,Baixo,Baixo,Baixo,Baixo,Baixo
KSG0760,Médio,Médio,Baixo,Baixo,Alto,Alto
KSH0679,Baixo,Baixo,Baixo,Baixo,Baixo,Baixo
KSH0739,Baixo,Baixo,Baixo,Baixo,Médio,Alto
KSM0099,Baixo,Baixo,Baixo,Baixo,Baixo,Baixo
KSM0561,Médio,Alto,Alto,Médio,Alto,Médio
KTC0053,Baixo,Baixo,Baixo,Baixo,Médio,Baixo
KTG0001,Baixo,Baixo,Baixo,Baixo,Médio,Baixo
KTH0256,Baixo,Baixo,Baixo,Baixo,Médio,Baixo
KTL0006,Baixo,Baixo,Baixo,Baixo,Baixo,Baixo
KTP0385,Baixo,Baixo,Baixo,Baixo,Baixo,Baixo
KTR0907,Baixo,Médio,Baixo,Baixo,Médio,Alto
KTS0879,Baixo,Baixo,Baixo,Baixo,Médio,Baixo
KVT0026,Baixo,Baixo,Baixo,Baixo,Baixo,Baixo
KWH0391,Baixo,Baixo,Baixo,Baixo,Baixo,Baixo
KXF0634,Médio,Médio,Médio,Médio,Alto,Médio
KYK0293,Médio,Médio,Médio,Baixo,Alto,Alto
KYM0936,Médio,Médio,Baixo,Baixo,Alto,Alto
KZM0791,Médio,Médio,Médio,Médio,Alto,Médio
LAC0649,Baixo,Baixo,Baixo,Baixo,Baixo,Baixo
LAD0514,Alto,Alto,Alto,Médio,Médio,Alto
LAG0639,Alto,Alto,Alto,Médio,Alto,Alto
LAH0778,Baixo,Baixo,Baixo,Baixo,Baixo,Baixo
LAM0411,Baixo,Baixo,Baixo,Baixo,Baixo,Baixo
LAV0312,Médio,Médio,Médio,Médio,Alto,Médio
LBC0918,Médio,Médio,Médio,Médio,Alto,Médio
LBD0281,Baixo,Baixo,Baixo,Baixo,Baixo,Baixo
LBM0101,Baixo,Baixo,Baixo,Baixo,Médio,Baixo
LBW0600,Alto,Alto,Alto,Alto,Alto,Alto
LCC0941,Baixo,Baixo,Baixo,Baixo,Baixo,Baixo
LCD0715,Médio,Médio,Baixo,Baixo,Médio,Médio
LCG0665,Baixo,Baixo,Baixo,Baixo,Médio,Baixo
LCM0360,Baixo,Baixo,Baixo,Baixo,Médio,Baixo
LCP0957,Médio,Médio,Médio,Médio,Alto,Médio
LDC0229,Baixo,Baixo,Baixo,Baixo,Baixo,Baixo
LDF0262,Baixo,Baixo,Baixo,Baixo,Baixo,Baixo
LEB0888,Alto,Alto,Alto,Médio,Alto,Alto
LEF0786,Baixo,Médio,Baixo,Baixo,Alto,Alto
LEH0789,Médio,Baixo,Baixo,Baixo,Médio,Baixo
LFB0751,Baixo,Baixo,Baixo,Baixo,Baixo,Baixo
LFR0605,Médio,Médio,Médio,Médio,Alto,Médio
LGL0964,Médio,Médio,Médio,Médio,Alto,Médio
LGR0884,Baixo,Baixo,Baixo,Baixo,Médio,Baixo
LGW0987,Médio,Alto,Médio,Alto,Alto,Alto
LHC0329,Baixo,Alto,Alto,Médio,Médio,Médio
LHM0208,Baixo,Baixo,Baixo,Baixo,Baixo,Baixo
LHP0799,Baixo,Baixo,Baixo,Baixo,Médio,Baixo
LHS0847,Baixo,Baixo,Baixo,Baixo,Baixo,Baixo
LIM0602,Médio,Baixo,Baixo,Baixo,Médio,Baixo
LIO0759,Alto,Alto,Alto,Alto,Alto,Alto
LIP0370,Baixo,Baixo,Baixo,Baixo,Baixo,Baixo
LJA0212,Alto,Alto,Alto,Médio,Alto,Alto
LJB0106,Médio,Médio,Médio,Médio,Alto,Médio
LJB0582,Baixo,Baixo,Baixo,Baixo,Baixo,Baixo
LJD0836,Baixo,Baixo,Baixo,Baixo,Alto,Alto
LJF0790,Baixo,Baixo,Baixo,Baixo,Baixo,Baixo
LJM0736,Baixo,Baixo,Baixo,Baixo,Baixo,Baixo
LJW0776,Baixo,Alto,Baixo,Baixo,Alto,Alto
LKF0122,Médio,Baixo,Baixo,Baixo,Médio,Baixo
LKF0701,Alto,Alto,Alto,Alto,Alto,Alto
LKG0476,Baixo,Baixo,Baixo,Baixo,Baixo,Baixo
LKH0870,Baixo,Baixo,Baixo,Baixo,Médio,Baixo
LLM0462,Baixo,Médio,Baixo,Baixo,Alto,Alto
LLS0459,Baixo,Alto,Baixo,Baixo,Alto,Alto
LMB0791,Baixo,Baixo,Baixo,Baixo,Baixo,Baixo
LMH0373,Baixo,Baixo,Baixo,Baixo,Baixo,Baixo
LMH0724,Médio,Baixo,Baixo,Baixo,Médio,Baixo
LML0259,Baixo,Baixo,Baixo,Baixo,Baixo,Baixo
LMR0049,Alto,Alto,Alto,Médio,Alto,Alto
LMT0062,Baixo,Baixo,Baixo,Baixo,Médio,Baixo
LNB0557,Baixo,Baixo,Baixo,Baixo,Baixo,Baixo
LNR0233,Baixo,Baixo,Baixo,Baixo,Baixo,Baixo
LOD0682,Baixo,Baixo,Baixo,Baixo,Médio,Baixo
LOH0415,Baixo,Baixo,Baixo,Baixo,Baixo,Baixo
LOS0548,Baixo,Baixo,Baixo,Baixo,Baixo,Baixo
LOW0221,Médio,Médio,Baixo,Baixo,Alto,Alto
LPB0478,Médio,Baixo,Baixo,Baixo,Médio,Alto
LPM0520,Médio,Médio,Baixo,Baixo,Alto,Alto
LPR0647,Médio,Médio,Médio,Médio,Alto,Médio
LQD0409,Baixo,Baixo,Baixo,Baixo,Baixo,Baixo
LQF0737,Baixo,Baixo,Baixo,Baixo,Baixo,Baixo
LRC0453,Baixo,Baixo,Baixo,Baixo,Baixo,Baixo
LRL0873,Médio,Médio,Médio,Médio,Alto,Alto
LSC0996,Baixo,Baixo,Baixo,Baixo,Baixo,Baixo
LSE0108,Baixo,Baixo,Baixo,Baixo,Médio,Baixo
LSG0191,Médio,Baixo,Baixo,Baixo,Médio,Alto
LSH0223,Baixo,Baixo,Baixo,Baixo,Baixo,Baixo
LTB0107,Baixo,Baixo,Baixo,Baixo,Médio,Alto
LTJ0022,Médio,Médio,Médio,Baixo,Alto,Alto
LUA0184,Baixo,Médio,Baixo,Baixo,Médio,Baixo
LUG0514,Baixo,Baixo,Baixo,Baixo,Médio,Alto
LUP0038,Alto,Alto,Alto,Médio,Alto,Alto
LUW0621,Médio,Baixo,Baixo,Baixo,Baixo,Baixo
LVL0958,Médio,Alto,Baixo,Baixo,Alto,Alto
LVS0665,Baixo,Baixo,Baixo,Baixo,Baixo,Baixo
LWB0078,Médio,Médio,Baixo,Baixo,Alto,Alto
LWL0698,Baixo,Baixo,Baixo,Baixo,Baixo,Baixo
LWO0824,Baixo,Baixo,Baixo,Baixo,Baixo,Baixo
LWR0516,Baixo,Baixo,Baixo,Baixo,Baixo,Baixo
LWW0573,Baixo,Baixo,Baixo,Baixo,Baixo,Baixo
LXS0677,Baixo,Baixo,Baixo,Baixo,Baixo,Baixo
LXW0999,Médio,Alto,Médio,Alto,Alto,Alto
LYF0587,Baixo,Baixo,Baixo,Baixo,Médio,Baixo
LZV0162,Alto,Alto,Alto,Alto,Alto,Alto
MAA0364,Baixo,Baixo,Baixo,Baixo,Médio,Baixo
MAB0064,Baixo,Baixo,Baixo,Baixo,Baixo,Baixo
MAB0066,Baixo,Baixo,Baixo,Baixo,Médio,Baixo
MAB0267,Baixo,Baixo,Baixo,Baixo,Médio,Baixo
MAB0377,Médio,Alto,Alto,Médio,Alto,Médio
MAD0103,Baixo,Baixo,Baixo,Baixo,Médio,Baixo
MAF0199,Baixo,Médio,Baixo,Baixo,Alto,Alto
MAG0350,Baixo,Baixo,Baixo,Baixo,Baixo,Alto
MAG0740,Baixo,Baixo,Baixo,Baixo,Baixo,Baixo
MAM0561,Baixo,Baixo,Baixo,Baixo,Baixo,Baixo
MAN0150,Baixo,Baixo,Baixo,Baixo,Baixo,Baixo
MAP0091,Baixo,Baixo,Baixo,Baixo,Baixo,Baixo
MAP0557,Médio,Alto,Alto,Médio,Alto,Médio
MAS0500,Baixo,Médio,Baixo,Baixo,Médio,Baixo
MAV0711,Médio,Médio,Médio,Médio,Médio,Médio
MBB0251,Baixo,Baixo,Baixo,Baixo,Baixo,Baixo
MBD0021,Médio,Médio,Médio,Baixo,Alto,Alto
MBD0202,Baixo,Baixo,Baixo,Baixo,Alto,Alto
MBH0198,Baixo,Baixo,Baixo,Baixo,Baixo,Baixo
MBS0355,Baixo,Alto,Baixo,Baixo,Médio,Baixo
MBW0140,Baixo,Baixo,Baixo,Baixo,Baixo,Baixo
MBW0523,Baixo,Baixo,Baixo,Baixo,Baixo,Baixo
MCB0104,Baixo,Baixo,Baixo,Baixo,Baixo,Baixo
MCB0828,Baixo,Baixo,Baixo,Baixo,Baixo,Baixo
MCC0022,Médio,Médio,Baixo,Baixo,Alto,Alto
MCF0456,Baixo,Baixo,Baixo,Baixo,Médio,Baixo
MCG0763,Baixo,Baixo,Baixo,Baixo,Baixo,Baixo
MCH0179,Baixo,Baixo,Baixo,Baixo,Baixo,Baixo
MCH0731,Médio,Médio,Médio,Médio,Alto,Médio
MCJ0874,Baixo,Baixo,Baixo,Baixo,Baixo,Baixo
MCL0139,Médio,Médio,Baixo,Baixo,Médio,Alto
MCL0405,Baixo,Baixo,Baixo,Baixo,Baixo,Baixo
MCN0973,Baixo,Baixo,Baixo,Baixo,Médio,Baixo
MCP0926,Médio,Médio,Baixo,Baixo,Médio,Alto
MCR0735,Médio,Alto,Médio,Médio,Alto,Alto
MCR0951,Médio,Baixo,Baixo,Baixo,Médio,Baixo
MCW0115,Médio,Baixo,Baixo,Baixo,Baixo,Baixo
MDG0601,Médio,Médio,Médio,Médio,Alto,Médio
MDM0559,Baixo,Baixo,Baixo,Baixo,Baixo,Baixo
MDN0518,Baixo,Baixo,Baixo,Baixo,Baixo,Baixo
MDS0121,Médio,Alto,Alto,Médio,Médio,Alto
MDW0190,Baixo,Baixo,Baixo,Baixo,Baixo,Baixo
MEB0503,Baixo,Baixo,Baixo,Baixo,Baixo,Baixo
MEB0682,Baixo,Baixo,Baixo,Baixo,Baixo,Baixo
MEE0606,Médio,Baixo,Baixo,Baixo,Baixo,Baixo
MEL0063,Médio,Alto,Médio,Baixo,Alto,Alto
MES0501,Baixo,Médio,Baixo,Baixo,Médio,Baixo
MET0987,Baixo,Baixo,Baixo,Baixo,Baixo,Baixo
MFB0963,Médio,Médio,Baixo,Baixo,Alto,Alto
MFR0053,Baixo,Baixo,Baixo,Baixo,Baixo,Baixo
MGM0113,Médio,Médio,Baixo,Baixo,Baixo,Baixo
MGN0301,Médio,Médio,Médio,Médio,Alto,Médio
MHF0725,Baixo,Baixo,Baixo,Baixo,Baixo,Baixo
MHH0652,Baixo,Baixo,Baixo,Baixo,Baixo,Baixo
MIC0034,Baixo,Baixo,Baixo,Baixo,Baixo,Baixo
MIH0767,Médio,Médio,Médio,Médio,Médio,Médio
MIK0681,Baixo,Baixo,Baixo,Baixo,Médio,Baixo
MIM0352,Baixo,Baixo,Baixo,Baixo,Médio,Baixo
MIN0513,Alto,Alto,Alto,Alto,Alto,Alto
MIW0795,Baixo,Baixo,Baixo,Baixo,Baixo,Baixo
MJB0540,Baixo,Médio,Médio,Médio,Médio,Baixo
MJH0083,Médio,Baixo,Baixo,Baixo,Médio,Alto
MJL0977,Baixo,Baixo,Baixo,Baixo,Baixo,Baixo
MJM0080,Baixo,Alto,Baixo,Baixo,Médio,Médio
MJO0963,Médio,Médio,Médio,Médio,Alto,Médio
MJP0541,Médio,Médio,Baixo,Baixo,Alto,Alto
MJR0336,Baixo,Baixo,Baixo,Baixo,Médio,Baixo
MJR0485,Médio,Médio,Médio,Médio,Médio,Baixo
MJS0817,Baixo,Médio,Baixo,Baixo,Alto,Alto
MKD0471,Baixo,Baixo,Baixo,Baixo,Médio,Baixo
MKD0730,Médio,Baixo,Baixo,Baixo,Médio,Baixo
MKH0414,Baixo,Baixo,Baixo,Baixo,Baixo,Baixo
MKH0774,Baixo,Baixo,Baixo,Baixo,Baixo,Baixo
MKR0025,Baixo,Baixo,Baixo,Baixo,Baixo,Baixo
MKT0643,Baixo,Baixo,Baixo,Baixo,Baixo,Baixo
MLG0658,Baixo,Baixo,Baixo,Baixo,Baixo,Baixo
MLH0005,Baixo,Baixo,Baixo,Baixo,Baixo,Baixo
MLM0570,Médio,Alto,Médio,Médio,Alto,Alto
MLM0885,Médio,Médio,Médio,Médio,Alto,Médio
MLO0553,Alto,Alto,Alto,Alto,Alto,Alto
MLP0680,Baixo,Baixo,Baixo,Baixo,Baixo,Baixo
MLS0438,Baixo,Baixo,Baixo,Baixo,Médio,Baixo
MMM0840,Baixo,Baixo,Baixo,Baixo,Baixo,Baixo
MMN0579,Baixo,Baixo,Baixo,Baixo,Baixo,Baixo
MMO0207,Baixo,Baixo,Baixo,Baixo,Baixo,Baixo
MMO0264,Médio,Médio,Baixo,Baixo,Alto,Alto
MMS0872,Médio,Médio,Baixo,Baixo,Alto,Alto
MNB0535,Médio,Médio,Médio,Médio,Alto,Médio
MNT0552,Médio,Médio,Médio,Médio,Alto,Alto
MOG0124,Baixo,Médio,Baixo,Baixo,Alto,Alto
MOP0874,Médio,Médio,Médio,Baixo,Alto,Alto
MOR0912,Baixo,Baixo,Baixo,Baixo,Baixo,Baixo
MPB0376,Médio,Alto,Médio,Médio,Alto,Alto
MPL0185,Baixo,Baixo,Baixo,Baixo,Médio,Baixo
MPM0060,Baixo,Baixo,Baixo,Baixo,Médio,Baixo
MPM0410,Baixo,Baixo,Baixo,Baixo,Médio,Alto
MPO0663,Baixo,Baixo,Baixo,Baixo,Baixo,Baixo
MPR0719,Baixo,Baixo,Baixo,Baixo,Baixo,Baixo
MPS0594,Médio,Médio,Médio,Médio,Alto,Médio
MPW0904,Baixo,Médio,Médio,Médio,Médio,Baixo
MQF0815,Alto,Alto,Alto,Médio,Alto,Alto
MQM0127,Alto,Alto,Alto,Médio,Alto,Alto
MQM0477,Baixo,Baixo,Baixo,Baixo,Baixo,Baixo
MQO0953,Baixo,Baixo,Baixo,Baixo,Baixo,Baixo
MRH0325,Baixo,Baixo,Baixo,Baixo,Baixo,Baixo
MRH0339,Baixo,Baixo,Baixo,Baixo,Baixo,Baixo
MRJ0321,Baixo,Baixo,Baixo,Baixo,Médio,Baixo
MRK0072,Médio,Médio,Baixo,Baixo,Alto,Alto
MRM0868,Baixo,Baixo,Baixo,Baixo,Baixo,Baixo
MRS0054,Baixo,Baixo,Baixo,Baixo,Baixo,Baixo
MRS0205,Baixo,Baixo,Baixo,Baixo,Baixo,Baixo
MSB0359,Médio,Baixo,Baixo,Baixo,Alto,Alto
MSB0728,Baixo,Baixo,Baixo,Baixo,Baixo,Baixo
MSC0284,Baixo,Médio,Baixo,Baixo,Médio,Baixo
MSC0662,Baixo,Baixo,Baixo,Baixo,Baixo,Baixo
MSD0674,Médio,Alto,Alto,Médio,Alto,Alto
MSD0889,Baixo,Baixo,Baixo,Baixo,Médio,Alto
MSF0206,Baixo,Baixo,Baixo,Baixo,Médio,Baixo
MSK0921,Médio,Baixo,Baixo,Baixo,Médio,Baixo
MSP0516,Médio,Médio,Médio,Médio,Médio,Médio
MSW0805,Baixo,Baixo,Baixo,Baixo,Baixo,Baixo
MTC0911,Médio,Alto,Médio,Médio,Alto,Médio
MTJ0043,Baixo,Baixo,Baixo,Baixo,Baixo,Baixo
MTL0829,Baixo,Baixo,Baixo,Baixo,Baixo,Baixo
MTM0209,Médio,Alto,Médio,Baixo,Médio,Alto
MTP0573,Alto,Alto,Alto,Alto,Alto,Alto
MUT0603,Médio,Médio,Médio,Médio,Alto,Médio
MVH0580,Baixo,Baixo,Baixo,Baixo,Baixo,Baixo
MWB0167,Baixo,Baixo,Baixo,Baixo,Baixo,Baixo
MWC0012,Baixo,Baixo,Baixo,Baixo,Baixo,Baixo
MWL0897,Baixo,Baixo,Baixo,Baixo,Baixo,Baixo
MWS0849,Baixo,Baixo,Baixo,Baixo,Baixo,Baixo
MYB0285,Baixo,Baixo,Baixo,Baixo,Médio,Baixo
MYH0623,Médio,Baixo,Baixo,Baixo,Baixo,Baixo
MYO0768,Baixo,Baixo,Baixo,Baixo,Baixo,Baixo
MZL0458,Baixo,Baixo,Baixo,Baixo,Médio,Baixo
MZM0018,Baixo,Baixo,Baixo,Baixo,Baixo,Baixo
MZP0236,Médio,Médio,Baixo,Baixo,Alto,Alto
NAB0467,Baixo,Baixo,Baixo,Baixo,Baixo,Baixo
NAD0041,Baixo,Médio,Baixo,Baixo,Médio,Baixo
NAG0123,Médio,Médio,Médio,Médio,Alto,Alto
NAH0460,Baixo,Baixo,Baixo,Baixo,Baixo,Baixo
NAH0830,Baixo,Baixo,Baixo,Baixo,Baixo,Baixo
NAJ0777,Médio,Alto,Alto,Médio,Alto,Alto
NAP0317,Baixo,Baixo,Baixo,Baixo,Alto,Alto
NBB0869,Médio,Alto,Baixo,Baixo,Alto,Alto
NBP0030,Baixo,Baixo,Baixo,Baixo,Médio,Baixo
NBP0672,Baixo,Baixo,Baixo,Baixo,Baixo,Baixo
NDA0686,Baixo,Baixo,Baixo,Baixo,Médio,Baixo
NDH0722,Baixo,Baixo,Baixo,Baixo,Baixo,Baixo
NDL0707,Baixo,Baixo,Baixo,Baixo,Baixo,Baixo
NEC0824,Baixo,Baixo,Baixo,Baixo,Médio,Baixo
NEE0218,Baixo,Baixo,Baixo,Baixo,Médio,Baixo
NEE0521,Alto,Alto,Alto,Alto,Alto,Alto
NEH0313,Baixo,Baixo,Baixo,Baixo,Baixo,Baixo
NFA0307,Médio,Alto,Baixo,Baixo,Alto,Alto
NFN0696,Baixo,Baixo,Baixo,Baixo,Médio,Alto
NGF0226,Baixo,Baixo,Baixo,Baixo,Baixo,Baixo
NGF0599,Médio,Baixo,Baixo,Baixo,Médio,Baixo
NGF0976,Baixo,Baixo,Baixo,Baixo,Baixo,Baixo
NHD0186,Baixo,Baixo,Baixo,Baixo,Baixo,Baixo
NHH0676,Médio,Baixo,Baixo,Baixo,Médio,Alto
NHW0572,Baixo,Baixo,Baixo,Baixo,Médio,Baixo
NIG0433,Baixo,Baixo,Baixo,Baixo,Baixo,Baixo
NIH0093,Médio,Baixo,Baixo,Baixo,Médio,Baixo
NIM0308,Baixo,Baixo,Baixo,Baixo,Baixo,Baixo
NJG0654,Baixo,Baixo,Baixo,Baixo,Médio,Baixo
NJH0222,Baixo,Baixo,Baixo,Baixo,Baixo,Baixo
NJH0337,Baixo,Baixo,Baixo,Baixo,Baixo,Baixo
NJM0628,Médio,Baixo,Baixo,Baixo,Médio,Baixo
NJP0752,Baixo,Baixo,Baixo,Baixo,Médio,Baixo
NJR0453,Médio,Baixo,Baixo,Baixo,Médio,Baixo
NKB0036,Baixo,Médio,Médio,Médio,Alto,Médio
NKB0411,Baixo,Baixo,Baixo,Baixo,Médio,Baixo
NKR0864,Baixo,Baixo,Baixo,Baixo,Médio,Baixo
NLB0862,Baixo,Baixo,Baixo,Baixo,Baixo,Baixo
NLB0989,Alto,Alto,Alto,Alto,Alto,Alto
NLC0876,Baixo,Baixo,Baixo,Baixo,Médio,Baixo
NLP0555,Médio,Alto,Alto,Médio,Alto,Médio
NLP0945,Baixo,Baixo,Baixo,Baixo,Baixo,Baixo
NLR0174,Alto,Médio,Médio,Médio,Alto,Alto
NMB0833,Baixo,Baixo,Baixo,Baixo,Baixo,Baixo
NMG0292,Baixo,Médio,Baixo,Baixo,Alto,Alto
NMG0798,Baixo,Baixo,Baixo,Baixo,Baixo,Baixo
NML0829,Baixo,Baixo,Baixo,Baixo,Médio,Baixo
NMV0422,Baixo,Baixo,Baixo,Baixo,Baixo,Baixo
NMV0507,Médio,Médio,Médio,Médio,Alto,Médio
NMW0959,Médio,Baixo,Baixo,Baixo,Baixo,Baixo
NNG0367,Baixo,Baixo,Baixo,Baixo,Baixo,Baixo
NNM0613,Médio,Baixo,Baixo,Baixo,Baixo,Alto
NPB0217,Baixo,Baixo,Baixo,Baixo,Médio,Baixo
NPH0533,Médio,Alto,Médio,Médio,Alto,Alto
NQT0979,Médio,Médio,Médio,Baixo,Alto,Alto
NQW0750,Médio,Baixo,Baixo,Baixo,Médio,Baixo
NRB0689,Baixo,Baixo,Baixo,Baixo,Médio,Baixo
NRF0610,Médio,Médio,Médio,Médio,Alto,Médio
NRM0617,Médio,Médio,Médio,Médio,Alto,Médio
NRR0945,Médio,Baixo,Baixo,Baixo,Médio,Baixo
NRT0539,Baixo,Baixo,Baixo,Baixo,Baixo,Baixo
NSA0967,Baixo,Baixo,Baixo,Baixo,Médio,Baixo
NSB0950,Baixo,Alto,Baixo,Baixo,Médio,Baixo
NSC0622,Baixo,Baixo,Baixo,Baixo,Médio,Baixo
NST0254,Baixo,Baixo,Baixo,Baixo,Baixo,Baixo
NTC0176,Baixo,Baixo,Baixo,Baixo,Médio,Baixo
NTH0575,Baixo,Baixo,Baixo,Baixo,Baixo,Baixo
NUD0118,Baixo,Baixo,Baixo,Baixo,Baixo,Baixo
NUG0614,Alto,Médio,Médio,Baixo,Alto,Alto
NUR0618,Médio,Baixo,Baixo,Baixo,Baixo,Baixo
NVM0015,Médio,Médio,Baixo,Baixo,Alto,Alto
NVS0823,Baixo,Baixo,Baixo,Baixo,Baixo,Baixo
NXG0085,Baixo,Baixo,Baixo,Baixo,Baixo,Baixo
NZT0335,Baixo,Baixo,Baixo,Baixo,Médio,Baixo
OAP0953,Médio,Médio,Médio,Médio,Alto,Médio
OAW0299,Baixo,Baixo,Baixo,Baixo,Médio,Baixo
OBC0055,Baixo,Baixo,Baixo,Baixo,Baixo,Baixo
OCB0146,Médio,Médio,Baixo,Médio,Alto,Alto
OCC0316,Médio,Médio,Médio,Médio,Alto,Médio
OCC0512,Baixo,Baixo,Baixo,Baixo,Baixo,Baixo
OCG0047,Baixo,Médio,Baixo,Baixo,Médio,Baixo
OCL0135,Médio,Médio,Médio,Médio,Alto,Médio
ODG0886,Baixo,Médio,Baixo,Baixo,Alto,Alto
ODH0200,Baixo,Médio,Baixo,Baixo,Alto,Alto
OEH0380,Baixo,Médio,Baixo,Baixo,Médio,Baixo
OEM0048,Baixo,Médio,Baixo,Baixo,Médio,Baixo
OFS0338,Médio,Médio,Médio,Médio,Alto,Médio
OFS0962,Médio,Médio,Baixo,Baixo,Baixo,Baixo
OGG0574,Baixo,Baixo,Baixo,Baixo,Baixo,Baixo
OHE0350,Médio,Alto,Baixo,Baixo,Alto,Alto
OHQ0406,Baixo,Baixo,Baixo,Baixo,Médio,Baixo
OJB0082,Baixo,Médio,Médio,Médio,Médio,Baixo
OJB0210,Médio,Alto,Alto,Baixo,Médio,Alto
OJB0609,Médio,Baixo,Baixo,Baixo,Baixo,Baixo
OKC0525,Médio,Médio,Baixo,Baixo,Médio,Baixo
OKJ0717,Baixo,Médio,Baixo,Baixo,Alto,Alto
OLM0165,Médio,Baixo,Baixo,Baixo,Médio,Baixo
OMA0668,Baixo,Baixo,Baixo,Baixo,Médio,Baixo
OMB0010,Médio,Alto,Baixo,Baixo,Alto,Alto
OMS0131,Baixo,Baixo,Baixo,Baixo,Médio,Baixo
OOB0432,Baixo,Baixo,Baixo,Baixo,Médio,Baixo
OPR0416,Baixo,Médio,Médio,Médio,Alto,Médio
ORC0489,Médio,Alto,Alto,Médio,Alto,Médio
ORC0907,Médio,Baixo,Baixo,Baixo,Médio,Alto
OSB0976,Médio,Médio,Médio,Médio,Alto,Médio
OST0939,Médio,Baixo,Baixo,Baixo,Médio,Baixo
OTR0716,Médio,Médio,Baixo,Baixo,Alto,Alto
OTW0674,Baixo,Médio,Baixo,Baixo,Alto,Alto
OUS0309,Médio,Baixo,Baixo,Baixo,Médio,Baixo
OVC0758,Baixo,Baixo,Baixo,Baixo,Alto,Alto
OVW0244,Baixo,Médio,Médio,Baixo,Médio,Baixo
PAM0615,Baixo,Médio,Baixo,Baixo,Médio,Médio
PAS0349,Médio,Médio,Baixo,Baixo,Alto,Alto
PAS0925,Baixo,Médio,Baixo,Baixo,Alto,Alto
PAW0040,Alto,Alto,Médio,Médio,Médio,Alto
PBB0840,Médio,Baixo,Baixo,Baixo,Alto,Alto
PBG0948,Médio,Médio,Médio,Médio,Alto,Alto
PBS0418,Médio,Médio,Médio,Médio,Alto,Médio
PBZ0211,Médio,Alto,Médio,Baixo,Médio,Alto
PCA0702,Baixo,Baixo,Baixo,Baixo,Baixo,Baixo
PCG0729,Baixo,Baixo,Baixo,Baixo,Baixo,Alto
PCL0813,Médio,Médio,Médio,Médio,Alto,Médio
PCM0369,Alto,Alto,Alto,Médio,Alto,Alto
PCV0914,Baixo,Baixo,Baixo,Baixo,Baixo,Baixo
PDB0903,Médio,Alto,Alto,Médio,Alto,Médio
PDD0188,Baixo,Médio,Baixo,Baixo,Médio,Baixo
PDH0697,Médio,Alto,Médio,Baixo,Médio,Médio
PGK0085,Médio,Baixo,Baixo,Baixo,Médio,Baixo
PHH0717,Médio,Alto,Alto,Médio,Alto,Alto
PHL0633,Médio,Médio,Médio,Médio,Alto,Médio
PHP0193,Médio,Médio,Médio,Médio,Alto,Médio
PIB0855,Médio,Médio,Médio,Médio,Alto,Médio
PJB0279,Baixo,Baixo,Baixo,Baixo,Baixo,Baixo
PJC0158,Médio,Alto,Baixo,Baixo,Alto,Alto
PJE0714,Médio,Médio,Baixo,Baixo,Médio,Médio
PJT0971,Baixo,Médio,Baixo,Baixo,Alto,Alto
PJY0906,Baixo,Médio,Baixo,Baixo,Médio,Baixo
PNB0084,Baixo,Baixo,Baixo,Baixo,Baixo,Baixo
PNC0141,Médio,Alto,Alto,Médio,Alto,Médio
POH0119,Baixo,Alto,Baixo,Baixo,Médio,Médio
PPR0402,Baixo,Baixo,Baixo,Baixo,Baixo,Baixo
PQC0061,Baixo,Baixo,Baixo,Baixo,Baixo,Baixo
PQS0960,Médio,Baixo,Baixo,Baixo,Baixo,Baixo
PRM0153,Médio,Médio,Médio,Médio,Alto,Médio
PRM0173,Baixo,Baixo,Baixo,Baixo,Baixo,Baixo
PSN0949,Baixo,Baixo,Baixo,Baixo,Baixo,Baixo
PSP0955,Baixo,Baixo,Baixo,Baixo,Baixo,Baixo
PSS0935,Baixo,Baixo,Baixo,Baixo,Médio,Baixo
PTA0303,Médio,Baixo,Baixo,Baixo,Médio,Baixo
PTH0527,Baixo,Baixo,Baixo,Baixo,Baixo,Baixo
PTM0966,Médio,Médio,Médio,Médio,Alto,Médio
PTS0352,Baixo,Baixo,Baixo,Baixo,Baixo,Baixo
PUH0301,Baixo,Baixo,Baixo,Baixo,Baixo,Baixo
PWL0419,Baixo,Baixo,Baixo,Baixo,Baixo,Baixo
PYM0419,Baixo,Alto,Baixo,Baixo,Médio,Médio
PYT0264,Baixo,Baixo,Baixo,Baixo,Baixo,Baixo
QAH0174,Médio,Alto,Baixo,Baixo,Alto,Alto
QAM0726,Baixo,Baixo,Baixo,Baixo,Baixo,Baixo
QBM0442,Baixo,Médio,Baixo,Baixo,Médio,Baixo
QBS0449,Médio,Médio,Médio,Médio,Alto,Médio
QCD0718,Médio,Alto,Médio,Médio,Alto,Alto
QCF0390,Baixo,Baixo,Baixo,Baixo,Baixo,Baixo
QCT0226,Baixo,Baixo,Baixo,Baixo,Médio,Baixo
QDV0761,Baixo,Baixo,Baixo,Baixo,Alto,Alto
QEB0780,Baixo,Baixo,Baixo,Baixo,Baixo,Baixo
QKA0388,Baixo,Baixo,Baixo,Baixo,Baixo,Alto
QKG0918,Baixo,Baixo,Baixo,Baixo,Baixo,Baixo
QKR0508,Médio,Alto,Médio,Médio,Alto,Alto
QKW0826,Médio,Médio,Médio,Médio,Alto,Médio
QLC0248,Baixo,Baixo,Baixo,Baixo,Alto,Alto
QMV0838,Baixo,Baixo,Baixo,Baixo,Baixo,Baixo
QMW0284,Baixo,Baixo,Baixo,Baixo,Baixo,Baixo
QOP0491,Médio,Alto,Alto,Médio,Alto,Médio
QPM0570,Baixo,Baixo,Baixo,Baixo,Baixo,Baixo
QQB0957,Baixo,Baixo,Baixo,Baixo,Baixo,Baixo
QRF0629,Alto,Alto,Alto,Médio,Alto,Alto
QRH0348,Baixo,Médio,Baixo,Baixo,Médio,Médio
QRM0914,Médio,Médio,Médio,Médio,Alto,Médio
QRR0300,Baixo,Baixo,Baixo,Baixo,Baixo,Baixo
QSB0729,Médio,Baixo,Baixo,Baixo,Médio,Baixo
QTP0493,Alto,Alto,Médio,Médio,Alto,Alto
QXL0019,Baixo,Baixo,Baixo,Baixo,Baixo,Baixo
RAC0058,Baixo,Baixo,Baixo,Baixo,Baixo,Baixo
RAC0735,Médio,Médio,Médio,Baixo,Alto,Alto
RAG0220,Baixo,Baixo,Baixo,Baixo,Baixo,Baixo
RAR0547,Baixo,Médio,Médio,Baixo,Médio,Baixo
RAR0927,Médio,Baixo,Baixo,Baixo,Médio,Baixo
RAS0839,Médio,Alto,Alto,Médio,Alto,Alto
RAW0533,Baixo,Médio,Baixo,Baixo,Alto,Alto
RAW0767,Baixo,Baixo,Baixo,Baixo,Baixo,Baixo
RBH0585,Baixo,Baixo,Baixo,Baixo,Baixo,Baixo
RBH0654,Baixo,Baixo,Baixo,Baixo,Baixo,Baixo
RBM0196,Médio,Médio,Baixo,Baixo,Alto,Alto
RBS0466,Alto,Alto,Alto,Alto,Alto,Alto
RBV0804,Baixo,Baixo,Baixo,Baixo,Médio,Baixo
RCB0768,Médio,Médio,Médio,Médio,Médio,Médio
RCD0990,Baixo,Baixo,Baixo,Baixo,Baixo,Baixo
RCG0105,Baixo,Baixo,Baixo,Baixo,Baixo,Baixo
RCH0106,Baixo,Baixo,Baixo,Baixo,Baixo,Baixo
RCH0166,Médio,Médio,Médio,Médio,Alto,Alto
RCH0842,Baixo,Baixo,Baixo,Baixo,Médio,Baixo
RCM0192,Baixo,Baixo,Baixo,Baixo,Baixo,Alto
RCM0412,Baixo,Baixo,Baixo,Baixo,Baixo,Baixo
RCW0822,Baixo,Baixo,Baixo,Baixo,Alto,Médio
RDA0843,Médio,Baixo,Baixo,Baixo,Médio,Baixo
RDB0837,Baixo,Baixo,Baixo,Baixo,Médio,Baixo
RDB0846,Médio,Médio,Médio,Médio,Alto,Médio
RDC0283,Baixo,Médio,Baixo,Baixo,Baixo,Baixo
RDD0563,Baixo,Baixo,Baixo,Baixo,Baixo,Baixo
RDF0560,Baixo,Médio,Baixo,Baixo,Médio,Baixo
RDH0193,Baixo,Baixo,Baixo,Baixo,Baixo,Baixo
RDH0439,Baixo,Baixo,Baixo,Baixo,Médio,Baixo
RDS0858,Baixo,Baixo,Baixo,Baixo,Médio,Baixo
RDV0023,Médio,Baixo,Baixo,Baixo,Baixo,Baixo
REA0782,Médio,Médio,Médio,Médio,Alto,Médio
REF0374,Baixo,Baixo,Baixo,Baixo,Baixo,Baixo
REM0274,Médio,Baixo,Baixo,Baixo,Médio,Alto
REW0332,Baixo,Baixo,Baixo,Baixo,Baixo,Baixo
RGO0863,Baixo,Baixo,Baixo,Baixo,Baixo,Baixo
RHB0200,Médio,Médio,Médio,Baixo,Alto,Alto
RHH0968,Baixo,Baixo,Baixo,Baixo,Médio,Baixo
RHM0081,Baixo,Médio,Médio,Médio,Médio,Baixo
RHM0474,Baixo,Baixo,Baixo,Baixo,Baixo,Baixo
RHN0782,Baixo,Baixo,Baixo,Baixo,Baixo,Baixo
RHP0132,Médio,Baixo,Baixo,Baixo,Médio,Baixo
RHR0856,Médio,Médio,Médio,Médio,Alto,Alto
RHT0831,Baixo,Baixo,Baixo,Baixo,Médio,Baixo
RHW0081,Baixo,Baixo,Baixo,Baixo,Baixo,Baixo
RHW0592,Médio,Médio,Médio,Médio,Alto,Médio
RIB0011,Médio,Médio,Médio,Baixo,Médio,Alto
RIC0494,Baixo,Baixo,Baixo,Baixo,Baixo,Baixo
RID0019,Médio,Médio,Médio,Médio,Alto,Médio
RIS0909,Baixo,Baixo,Baixo,Baixo,Baixo,Baixo
RJC0323,Baixo,Baixo,Baixo,Baixo,Alto,Alto
RJH0445,Baixo,Baixo,Baixo,Baixo,Médio,Baixo
RJJ0788,Baixo,Baixo,Baixo,Baixo,Médio,Baixo
RJL0683,Baixo,Baixo,Baixo,Baixo,Baixo,Baixo
RJT0913,Baixo,Baixo,Baixo,Baixo,Médio,Baixo
RKF0757,Baixo,Baixo,Baixo,Baixo,Baixo,Baixo
RKG0550,Baixo,Baixo,Baixo,Baixo,Baixo,Baixo
RKH0471,Baixo,Baixo,Baixo,Baixo,Baixo,Baixo
RKJ0444,Baixo,Baixo,Baixo,Baixo,Baixo,Baixo
RKO0962,Médio,Médio,Médio,Baixo,Médio,Baixo
RKP0922,Médio,Baixo,Baixo,Baixo,Médio,Alto
RKR0638,Baixo,Baixo,Baixo,Baixo,Baixo,Baixo
RKS0170,Médio,Alto,Alto,Alto,Alto,Alto
RLC0550,Médio,Médio,Médio,Médio,Médio,Baixo
RLC0873,Baixo,Baixo,Baixo,Baixo,Baixo,Baixo
RLD0349,Baixo,Baixo,Baixo,Baixo,Baixo,Alto
RLH0164,Médio,Baixo,Baixo,Baixo,Médio,Baixo
RLH0287,Baixo,Baixo,Baixo,Baixo,Médio,Baixo
RLJ0607,Médio,Baixo,Baixo,Baixo,Baixo,Médio
RLM0528,Médio,Baixo,Baixo,Baixo,Médio,Baixo
RLP0021,Médio,Médio,Médio,Baixo,Alto,Alto
RLR0973,Baixo,Baixo,Baixo,Baixo,Baixo,Baixo
RLS0558,Baixo,Baixo,Baixo,Baixo,Baixo,Baixo
RMA0911,Baixo,Baixo,Baixo,Baixo,Baixo,Baixo
RMO0425,Baixo,Baixo,Baixo,Baixo,Baixo,Baixo
RMY0747,Alto,Alto,Alto,Médio,Alto,Alto
RNA0266,Baixo,Médio,Baixo,Baixo,Médio,Alto
RNB0934,Baixo,Baixo,Baixo,Baixo,Baixo,Baixo
RNM0875,Médio,Médio,Médio,Baixo,Médio,Alto
RNR0344,Baixo,Baixo,Baixo,Baixo,Médio,Baixo
ROB0291,Baixo,Baixo,Baixo,Baixo,Baixo,Baixo
ROM0811,Médio,Baixo,Baixo,Baixo,Médio,Baixo
ROS0365,Baixo,Baixo,Baixo,Baixo,Baixo,Baixo
ROV0860,Baixo,Baixo,Baixo,Baixo,Baixo,Baixo
RPH0848,Médio,Médio,Médio,Baixo,Alto,Alto
RPM0498,Baixo,Médio,Baixo,Baixo,Médio,Baixo
RPM0600,Médio,Médio,Médio,Médio,Alto,Alto
RPM0995,Baixo,Médio,Baixo,Baixo,Alto,Alto
RQD0501,Baixo,Baixo,Baixo,Baixo,Baixo,Baixo
RQK0448,Baixo,Baixo,Baixo,Baixo,Baixo,Baixo
RRB0952,Alto,Alto,Alto,Médio,Alto,Alto
RRE0286,Baixo,Baixo,Baixo,Baixo,Baixo,Baixo
RRG0041,Baixo,Baixo,Baixo,Baixo,Baixo,Baixo
RRM0473,Baixo,Baixo,Baixo,Baixo,Baixo,Baixo
RSB0102,Médio,Médio,Médio,Médio,Alto,Médio
RSC0642,Médio,Médio,Médio,Médio,Alto,Médio
RSC0802,Médio,Médio,Médio,Baixo,Alto,Alto
RSO0354,Baixo,Baixo,Baixo,Baixo,Médio,Baixo
RSP0404,Baixo,Baixo,Baixo,Baixo,Baixo,Baixo
RSR0867,Médio,Médio,Médio,Médio,Alto,Médio
RTC0816,Médio,Baixo,Baixo,Baixo,Médio,Baixo
RTH0015,Médio,Alto,Alto,Médio,Alto,Alto
RTH0985,Médio,Baixo,Baixo,Baixo,Médio,Baixo
RTS0316,Baixo,Baixo,Baixo,Baixo,Baixo,Baixo
RXA0130,Baixo,Baixo,Baixo,Baixo,Baixo,Baixo
RYC0498,Baixo,Baixo,Baixo,Baixo,Baixo,Baixo
RYL0347,Baixo,Baixo,Baixo,Baixo,Médio,Baixo
SAB0372,Baixo,Baixo,Baixo,Baixo,Baixo,Baixo
SAC0552,Baixo,Baixo,Baixo,Baixo,Baixo,Baixo
SAC0882,Médio,Alto,Médio,Médio,Médio,Alto
SAH0718,Baixo,Baixo,Baixo,Baixo,Baixo,Baixo
SAK0517,Alto,Alto,Alto,Alto,Alto,Alto
SAL0328,Baixo,Baixo,Baixo,Baixo,Baixo,Baixo
SAM0845,Baixo,Alto,Baixo,Baixo,Alto,Alto
SAO0920,Baixo,Baixo,Baixo,Baixo,Médio,Baixo
SBD0434,Baixo,Baixo,Baixo,Baixo,Baixo,Baixo
SBM0063,Médio,Médio,Baixo,Baixo,Alto,Alto
SBW0222,Baixo,Baixo,Baixo,Baixo,Baixo,Baixo
SCC0002,Baixo,Baixo,Baixo,Baixo,Baixo,Baixo
SCC0437,Baixo,Baixo,Baixo,Baixo,Baixo,Baixo
SCH0532,Médio,Baixo,Baixo,Baixo,Médio,Baixo
SCR0389,Baixo,Baixo,Baixo,Baixo,Baixo,Alto
SDB0883,Baixo,Médio,Baixo,Baixo,Alto,Alto
SDH0288,Médio,Alto,Médio,Baixo,Alto,Alto
SDP0142,Médio,Baixo,Baixo,Baixo,Médio,Baixo
SDS0998,Baixo,Baixo,Baixo,Baixo,Baixo,Baixo
SDY0367,Baixo,Médio,Baixo,Baixo,Baixo,Baixo
SEB0150,Baixo,Médio,Baixo,Baixo,Médio,Baixo
SEB0482,Baixo,Baixo,Baixo,Baixo,Baixo,Baixo
SEG0805,Médio,Médio,Médio,Médio,Alto,Médio
SEM0732,Baixo,Alto,Baixo,Baixo,Médio,Baixo
SFK0827,Baixo,Baixo,Baixo,Baixo,Baixo,Baixo
SFM0991,Médio,Médio,Médio,Médio,Alto,Médio
SGB0126,Baixo,Baixo,Baixo,Baixo,Baixo,Baixo
SGE0112,Médio,Alto,Alto,Médio,Alto,Alto
SGN0512,Médio,Médio,Baixo,Médio,Médio,Médio
SGW0040,Médio,Alto,Médio,Baixo,Médio,Alto
SHG0930,Baixo,Baixo,Baixo,Baixo,Baixo,Baixo
SHG0983,Médio,Baixo,Baixo,Baixo,Baixo,Baixo
SHL0395,Baixo,Baixo,Baixo,Baixo,Médio,Baixo
SHL0741,Baixo,Baixo,Baixo,Baixo,Baixo,Baixo
SHP0861,Médio,Médio,Médio,Médio,Alto,Médio
SHR0369,Baixo,Baixo,Baixo,Baixo,Alto,Alto
SHW0128,Médio,Baixo,Baixo,Baixo,Médio,Baixo
SHW0774,Médio,Médio,Médio,Médio,Alto,Médio
SIB0825,Baixo,Baixo,Baixo,Baixo,Baixo,Alto
SID0429,Baixo,Médio,Médio,Médio,Alto,Médio
SIF0182,Médio,Médio,Baixo,Baixo,Alto,Alto
SJB0299,Baixo,Baixo,Baixo,Baixo,Baixo,Baixo
SJF0940,Médio,Baixo,Baixo,Baixo,Médio,Baixo
SJK0495,Baixo,Baixo,Baixo,Baixo,Baixo,Baixo
SJM0214,Médio,Alto,Médio,Baixo,Médio,Alto
SJP0744,Médio,Médio,Médio,Médio,Alto,Médio
SKA0772,Baixo,Médio,Baixo,Baixo,Alto,Alto
SKC0630,Baixo,Baixo,Baixo,Baixo,Baixo,Baixo
SKC0670,Médio,Médio,Médio,Médio,Alto,Médio
SKG0896,Baixo,Baixo,Baixo,Baixo,Baixo,Baixo
SKN0177,Médio,Médio,Médio,Médio,Alto,Alto
SKP0371,Baixo,Baixo,Baixo,Baixo,Baixo,Baixo
SLB0004,Baixo,Baixo,Baixo,Baixo,Baixo,Baixo
SLC0113,Médio,Alto,Alto,Alto,Alto,Médio
SLI0033,Baixo,Médio,Baixo,Baixo,Alto,Alto
SLL0439,Baixo,Baixo,Baixo,Baixo,Baixo,Baixo
SLM0993,Médio,Médio,Médio,Médio,Alto,Médio
SLO0231,Médio,Alto,Médio,Médio,Alto,Alto
SLW0616,Médio,Médio,Médio,Baixo,Alto,Alto
SMB0012,Baixo,Baixo,Baixo,Baixo,Médio,Baixo
SMB0655,Baixo,Baixo,Baixo,Baixo,Baixo,Baixo
SMD0814,Médio,Alto,Médio,Médio,Alto,Alto
SMF0450,Baixo,Baixo,Baixo,Baixo,Baixo,Baixo
SMG0494,Baixo,Médio,Baixo,Baixo,Médio,Baixo
SMJ0486,Baixo,Médio,Médio,Médio,Médio,Baixo
SMK0420,Baixo,Médio,Baixo,Baixo,Alto,Alto
SMM0380,Baixo,Baixo,Baixo,Baixo,Baixo,Baixo
SMM0923,Baixo,Médio,Baixo,Baixo,Médio,Médio
SMV0986,Baixo,Baixo,Baixo,Baixo,Baixo,Baixo
SND0589,Baixo,Médio,Baixo,Baixo,Alto,Alto
SNG0943,Médio,Baixo,Baixo,Baixo,Médio,Baixo
SNH0857,Baixo,Baixo,Baixo,Baixo,Baixo,Baixo
SNL0096,Médio,Baixo,Baixo,Baixo,Médio,Baixo
SNM0050,Baixo,Baixo,Baixo,Baixo,Baixo,Baixo
SNM0597,Baixo,Baixo,Baixo,Baixo,Baixo,Baixo
SNP0785,Baixo,Baixo,Baixo,Baixo,Baixo,Baixo
SNS0094,Médio,Médio,Médio,Médio,Alto,Médio
SOS0356,Baixo,Baixo,Baixo,Baixo,Baixo,Baixo
SPB0408,Baixo,Baixo,Baixo,Baixo,Baixo,Baixo
SPB0692,Baixo,Baixo,Baixo,Baixo,Baixo,Baixo
SPB0713,Médio,Alto,Alto,Médio,Alto,Alto
SPD0384,Médio,Médio,Médio,Médio,Médio,Alto
SPH0325,Baixo,Baixo,Baixo,Baixo,Baixo,Baixo
SPM0388,Médio,Alto,Alto,Médio,Alto,Médio
SQB0965,Baixo,Baixo,Baixo,Baixo,Baixo,Baixo
SQE0179,Baixo,Baixo,Baixo,Baixo,Médio,Baixo
SQP0157,Baixo,Alto,Médio,Médio,Médio,Baixo
SRM0773,Alto,Alto,Alto,Alto,Alto,Alto
SRM0851,Médio,Médio,Médio,Médio,Alto,Médio
SRS0353,Baixo,Baixo,Baixo,Baixo,Baixo,Baixo
SSB0779,Médio,Médio,Médio,Médio,Alto,Médio
SSC0749,Médio,Médio,Médio,Médio,Alto,Médio
SSD0484,Médio,Médio,Baixo,Baixo,Alto,Alto
SSE0978,Médio,Médio,Médio,Médio,Alto,Médio
SSH0093,Baixo,Baixo,Baixo,Baixo,Baixo,Baixo
SSH0937,Médio,Médio,Médio,Médio,Alto,Médio
SSP0884,Baixo,Baixo,Baixo,Baixo,Baixo,Baixo
SSR0119,Médio,Alto,Médio,Baixo,Alto,Alto
STA0107,Médio,Médio,Médio,Médio,Alto,Médio
STB0434,Baixo,Baixo,Baixo,Baixo,Baixo,Baixo
STD0881,Baixo,Baixo,Baixo,Baixo,Baixo,Baixo
STM0826,Baixo,Baixo,Baixo,Baixo,Baixo,Baixo
STR0421,Baixo,Baixo,Baixo,Baixo,Baixo,Baixo
STW0702,Médio,Médio,Baixo,Médio,Médio,Médio
SUV0051,Médio,Alto,Médio,Médio,Alto,Alto
SVM0009,Baixo,Baixo,Baixo,Baixo,Baixo,Baixo
SVM0538,Baixo,Baixo,Baixo,Baixo,Baixo,Baixo
SVP0644,Baixo,Baixo,Baixo,Baixo,Médio,Baixo
SZG0295,Baixo,Baixo,Baixo,Baixo,Médio,Baixo
TAC0270,Baixo,Médio,Médio,Médio,Alto,Médio
TAF0700,Alto,Alto,Médio,Médio,Alto,Alto
TAG0114,Baixo,Baixo,Baixo,Baixo,Médio,Baixo
TAP0981,Baixo,Baixo,Baixo,Baixo,Baixo,Baixo
TBD0276,Baixo,Baixo,Baixo,Baixo,Baixo,Baixo
TBF0071,Baixo,Baixo,Baixo,Baixo,Baixo,Baixo
TBF0598,Médio,Alto,Alto,Alto,Alto,Médio
TBF0641,Médio,Médio,Médio,Médio,Alto,Médio
TBH0308,Baixo,Baixo,Baixo,Baixo,Médio,Baixo
TBM0479,Baixo,Baixo,Baixo,Baixo,Baixo,Baixo
TBN0121,Baixo,Médio,Baixo,Baixo,Baixo,Baixo
TBS0793,Baixo,Baixo,Baixo,Baixo,Baixo,Baixo
TCF0052,Médio,Médio,Médio,Médio,Alto,Alto
TCG0400,Baixo,Baixo,Baixo,Baixo,Baixo,Baixo
TCK0297,Baixo,Baixo,Baixo,Baixo,Baixo,Baixo
TCP0378,Médio,Médio,Médio,Médio,Alto,Alto
TCW0598,Baixo,Baixo,Baixo,Baixo,Baixo,Baixo
TDB0268,Alto,Alto,Alto,Alto,Alto,Alto
TDB0322,Baixo,Baixo,Baixo,Baixo,Baixo,Baixo
TDB0568,Médio,Alto,Alto,Médio,Alto,Médio
TDC0046,Baixo,Baixo,Baixo,Baixo,Baixo,Baixo
TDF0088,Alto,Alto,Alto,Alto,Alto,Alto
TDG0203,Baixo,Médio,Baixo,Baixo,Alto,Alto
TDJ0567,Médio,Alto,Médio,Baixo,Alto,Alto
TDW0625,Médio,Baixo,Baixo,Baixo,Baixo,Baixo
TEC0217,Baixo,Baixo,Baixo,Baixo,Baixo,Baixo
TEC0586,Médio,Baixo,Baixo,Baixo,Médio,Baixo
TGB0427,Baixo,Baixo,Baixo,Baixo,Baixo,Baixo
TGD0954,Baixo,Baixo,Baixo,Baixo,Baixo,Baixo
TGF0571,Alto,Alto,Alto,Alto,Alto,Alto
TGF0937,Baixo,Baixo,Baixo,Baixo,Baixo,Baixo
TGK0604,Médio,Baixo,Baixo,Baixo,Baixo,Baixo
TGM0589,Médio,Médio,Médio,Médio,Alto,Alto
THD0781,Médio,Médio,Médio,Médio,Alto,Médio
THP0280,Baixo,Baixo,Baixo,Baixo,Baixo,Alto
THS0145,Médio,Alto,Alto,Médio,Alto,Alto
THY0079,Baixo,Médio,Baixo,Baixo,Médio,Baixo
TJB0250,Médio,Alto,Médio,Baixo,Médio,Alto
TJB0713,Baixo,Baixo,Baixo,Baixo,Baixo,Baixo
TJC0370,Alto,Médio,Médio,Médio,Alto,Alto
TJH0831,Baixo,Baixo,Baixo,Baixo,Baixo,Baixo
TJL0082,Baixo,Baixo,Baixo,Baixo,Baixo,Baixo
TJR0895,Baixo,Alto,Médio,Baixo,Médio,Baixo
TJS0397,Baixo,Baixo,Baixo,Baixo,Baixo,Baixo
TJW0893,Baixo,Baixo,Baixo,Baixo,Baixo,Baixo
TKG0225,Baixo,Baixo,Baixo,Baixo,Baixo,Baixo
TKK0416,Baixo,Baixo,Baixo,Baixo,Baixo,Baixo
TKL0324,Baixo,Médio,Baixo,Baixo,Alto,Alto
TKW0289,Médio,Alto,Médio,Baixo,Alto,Alto
TLG0199,Baixo,Médio,Baixo,Baixo,Médio,Médio
TLK0756,Baixo,Baixo,Baixo,Baixo,Baixo,Baixo
TMC0176,Baixo,Baixo,Baixo,Baixo,Alto,Alto
TML0765,Alto,Alto,Alto,Alto,Alto,Alto
TMW0915,Médio,Médio,Médio,Baixo,Médio,Alto
TOC0528,Médio,Baixo,Baixo,Baixo,Médio,Alto
TQH0728,Médio,Médio,Médio,Médio,Alto,Médio
TRS0543,Baixo,Baixo,Baixo,Baixo,Baixo,Baixo
TRW0379,Médio,Alto,Alto,Alto,Alto,Alto
TSE0056,Baixo,Baixo,Baixo,Baixo,Baixo,Baixo
TSM0797,Baixo,Baixo,Baixo,Baixo,Baixo,Baixo
TST0116,Médio,Alto,Médio,Baixo,Médio,Alto
TTP0529,Baixo,Baixo,Baixo,Baixo,Baixo,Baixo
TTP0993,Baixo,Baixo,Baixo,Baixo,Baixo,Baixo
TUB0881,Médio,Médio,Médio,Médio,Alto,Alto
TUE0435,Baixo,Médio,Baixo,Baixo,Médio,Médio
TUW0748,Baixo,Baixo,Baixo,Baixo,Baixo,Baixo
TWG0096,Baixo,Baixo,Baixo,Baixo,Baixo,Baixo
TWM0306,Baixo,Baixo,Baixo,Baixo,Médio,Baixo
TWW0515,Alto,Alto,Alto,Alto,Alto,Alto
TYR0442,Médio,Alto,Médio,Baixo,Alto,Alto
TZD0878,Médio,Alto,Alto,Médio,Alto,Alto
TZF0792,Baixo,Médio,Baixo,Baixo,Alto,Alto
UAB0016,Baixo,Baixo,Baixo,Baixo,Médio,Baixo
UAP0214,Alto,Alto,Médio,Médio,Médio,Alto
UBH0562,Baixo,Baixo,Baixo,Baixo,Baixo,Baixo
UBM0240,Baixo,Baixo,Baixo,Baixo,Baixo,Baixo
UGH0687,Baixo,Baixo,Baixo,Baixo,Baixo,Baixo
UIL0183,Baixo,Baixo,Baixo,Baixo,Baixo,Baixo
UJB0444,Médio,Médio,Médio,Médio,Alto,Médio
UJB0529,Médio,Baixo,Baixo,Baixo,Médio,Baixo
UJV0864,Baixo,Baixo,Baixo,Baixo,Baixo,Baixo
UJW0455,Baixo,Baixo,Baixo,Baixo,Baixo,Baixo
UKW0099,Médio,Baixo,Baixo,Baixo,Médio,Baixo
UKW0675,Médio,Baixo,Baixo,Baixo,Médio,Baixo
UMA0072,Baixo,Baixo,Baixo,Baixo,Médio,Alto
UQR0361,Baixo,Baixo,Baixo,Baixo,Baixo,Baixo
USM0143,Médio,Baixo,Baixo,Baixo,Baixo,Baixo
UVS0368,Baixo,Baixo,Baixo,Baixo,Médio,Baixo
VAD0688,Médio,Alto,Médio,Baixo,Médio,Alto
VAG0602,Médio,Médio,Baixo,Baixo,Alto,Alto
VAK0428,Médio,Baixo,Baixo,Baixo,Médio,Alto
VBB0361,Baixo,Baixo,Baixo,Baixo,Baixo,Baixo
VBM0960,Médio,Médio,Médio,Médio,Alto,Médio
VCJ0924,Baixo,Baixo,Baixo,Baixo,Baixo,Baixo
VCP0364,Baixo,Baixo,Baixo,Baixo,Baixo,Baixo
VDB0894,Médio,Médio,Médio,Baixo,Alto,Alto
VDT0838,Baixo,Baixo,Baixo,Baixo,Médio,Baixo
VEL0708,Baixo,Baixo,Baixo,Baixo,Baixo,Baixo
VEP0043,Baixo,Baixo,Baixo,Baixo,Baixo,Baixo
VEP0734,Alto,Alto,Alto,Médio,Alto,Alto
VGJ0296,Baixo,Baixo,Baixo,Baixo,Baixo,Baixo
VGM0814,Médio,Médio,Baixo,Baixo,Alto,Alto
VJB0695,Baixo,Médio,Baixo,Baixo,Médio,Médio
VJP0518,Médio,Médio,Médio,Médio,Médio,Médio
VKB0360,Baixo,Baixo,Baixo,Baixo,Baixo,Baixo
VLB0057,Alto,Alto,Alto,Alto,Alto,Alto
VLB0069,Baixo,Baixo,Baixo,Baixo,Baixo,Baixo
VLH0699,Baixo,Baixo,Baixo,Baixo,Baixo,Baixo
VMT0475,Baixo,Médio,Baixo,Baixo,Médio,Baixo
VNH0910,Baixo,Médio,Baixo,Médio,Médio,Baixo
VNL0137,Baixo,Baixo,Baixo,Baixo,Médio,Alto
VNS0492,Baixo,Baixo,Baixo,Baixo,Baixo,Baixo
VPP0803,Baixo,Baixo,Baixo,Baixo,Baixo,Baixo
VRF0401,Baixo,Baixo,Baixo,Baixo,Baixo,Baixo
VRL0117,Baixo,Baixo,Baixo,Baixo,Médio,Baixo
VUB0709,Médio,Médio,Médio,Baixo,Médio,Médio
VXA0673,Médio,Alto,Alto,Alto,Alto,Alto
VYV0878,Baixo,Baixo,Baixo,Baixo,Alto,Alto
VZS0605,Médio,Baixo,Baixo,Baixo,Baixo,Baixo
WAF0395,Baixo,Baixo,Baixo,Baixo,Baixo,Baixo
WAF0882,Baixo,Médio,Baixo,Baixo,Alto,Alto
WAM0223,Baixo,Baixo,Baixo,Baixo,Baixo,Baixo
WAR0440,Baixo,Baixo,Baixo,Baixo,Baixo,Baixo
WAS0075,Baixo,Baixo,Baixo,Baixo,Baixo,Baixo
WAW0242,Baixo,Alto,Baixo,Baixo,Médio,Baixo
WAW0624,Médio,Médio,Médio,Médio,Alto,Alto
WBC0136,Baixo,Baixo,Baixo,Baixo,Baixo,Baixo
WBM0134,Baixo,Baixo,Baixo,Baixo,Baixo,Baixo
WBM0628,Médio,Médio,Baixo,Baixo,Alto,Alto
WBY0542,Médio,Médio,Médio,Médio,Médio,Baixo
WCC0009,Baixo,Baixo,Baixo,Baixo,Baixo,Baixo
WCL0378,Baixo,Baixo,Baixo,Baixo,Baixo,Baixo
WCS0883,Médio,Alto,Alto,Médio,Alto,Alto
WDC0641,Baixo,Baixo,Baixo,Baixo,Baixo,Baixo
WEM0029,Baixo,Baixo,Baixo,Baixo,Baixo,Baixo
WFR0045,Baixo,Baixo,Baixo,Baixo,Baixo,Baixo
WGL0712,Baixo,Baixo,Baixo,Baixo,Baixo,Baixo
WHC0684,Médio,Alto,Alto,Médio,Alto,Alto
WIF0497,Médio,Alto,Alto,Médio,Alto,Médio
WIH0727,Baixo,Baixo,Baixo,Baixo,Baixo,Baixo
WJP0386,Baixo,Baixo,Baixo,Baixo,Baixo,Baixo
WKC0202,Médio,Alto,Médio,Médio,Alto,Alto
WKR0839,Baixo,Baixo,Baixo,Baixo,Baixo,Baixo
WKS0887,Baixo,Baixo,Baixo,Baixo,Baixo,Baixo
WLM0450,Médio,Médio,Médio,Médio,Alto,Médio
WLM0720,Médio,Médio,Baixo,Baixo,Médio,Médio
WLT0879,Baixo,Baixo,Baixo,Baixo,Baixo,Baixo
WMD0345,Médio,Baixo,Baixo,Baixo,Médio,Baixo
WMH0866,Médio,Alto,Alto,Médio,Alto,Alto
WMN0451,Baixo,Baixo,Baixo,Baixo,Médio,Baixo
WMP0272,Baixo,Baixo,Baixo,Baixo,Médio,Alto
WPF0204,Baixo,Baixo,Baixo,Baixo,Baixo,Baixo
WPH0929,Baixo,Baixo,Baixo,Baixo,Baixo,Baixo
WPK0074,Baixo,Baixo,Baixo,Baixo,Médio,Baixo
WQW0970,Baixo,Baixo,Baixo,Baixo,Baixo,Baixo
WRL0923,Médio,Médio,Baixo,Baixo,Alto,Alto
WSG0003,Baixo,Baixo,Baixo,Baixo,Baixo,Baixo
WSM0956,Baixo,Baixo,Baixo,Baixo,Baixo,Baixo
WSN0932,Baixo,Baixo,Baixo,Baixo,Baixo,Baixo
WSP0210,Alto,Alto,Alto,Alto,Alto,Alto
WTB0671,Médio,Baixo,Baixo,Baixo,Médio,Alto
WTP0858,Baixo,Baixo,Baixo,Baixo,Baixo,Baixo
WTW0141,Baixo,Baixo,Baixo,Baixo,Baixo,Baixo
WVB0343,Médio,Alto,Médio,Médio,Alto,Alto
WWM0523,Alto,Alto,Alto,Alto,Alto,Alto
WWR0317,Médio,Médio,Médio,Baixo,Alto,Alto
WXW0044,Médio,Médio,Baixo,Baixo,Alto,Alto
WZH0304,Baixo,Baixo,Baixo,Baixo,Baixo,Baixo
XBB0890,Baixo,Baixo,Baixo,Baixo,Médio,Baixo
XBH0901,Baixo,Baixo,Baixo,Baixo,Baixo,Baixo
XBW0181,Médio,Alto,Alto,Alto,Alto,Alto
XCR0407,Baixo,Baixo,Baixo,Baixo,Baixo,Baixo
XGE0451,Baixo,Baixo,Baixo,Baixo,Baixo,Baixo
XGW0277,Baixo,Baixo,Baixo,Baixo,Baixo,Baixo
XLB0187,Baixo,Baixo,Baixo,Baixo,Baixo,Baixo
XLC0423,Baixo,Baixo,Baixo,Baixo,Baixo,Baixo
XLK0832,Baixo,Baixo,Baixo,Baixo,Baixo,Baixo
XML0742,Médio,Médio,Baixo,Baixo,Médio,Baixo
XMV0132,Baixo,Baixo,Baixo,Baixo,Baixo,Baixo
XOD0686,Baixo,Médio,Baixo,Baixo,Alto,Alto
XOH0359,Alto,Alto,Alto,Alto,Alto,Alto
XRE0273,Baixo,Baixo,Baixo,Baixo,Baixo,Baixo
XRG0760,Alto,Alto,Alto,Alto,Alto,Alto
XSA0305,Baixo,Baixo,Baixo,Baixo,Baixo,Baixo
XTM0246,Baixo,Baixo,Baixo,Baixo,Baixo,Baixo
XUG0327,Alto,Médio,Médio,Baixo,Alto,Alto
XYW0563,Médio,Alto,Alto,Médio,Alto,Médio
YAP0560,Alto,Alto,Alto,Alto,Alto,Alto
YCH0796,Médio,Baixo,Baixo,Baixo,Médio,Baixo
YCM0620,Médio,Baixo,Baixo,Baixo,Baixo,Baixo
YCR0330,Baixo,Baixo,Baixo,Baixo,Baixo,Baixo
YCS0499,Baixo,Alto,Alto,Médio,Alto,Alto
YDG0180,Baixo,Médio,Baixo,Baixo,Médio,Baixo
YEV0902,Médio,Alto,Baixo,Médio,Alto,Alto
YFR0807,Baixo,Baixo,Baixo,Baixo,Baixo,Baixo
YFT0298,Baixo,Baixo,Baixo,Baixo,Médio,Baixo
YHC0037,Baixo,Baixo,Baixo,Baixo,Baixo,Baixo
YHL0691,Médio,Baixo,Baixo,Baixo,Médio,Alto
YJT0368,Baixo,Baixo,Baixo,Baixo,Baixo,Baixo
YKB0334,Baixo,Baixo,Baixo,Baixo,Baixo,Baixo
YKW0319,Médio,Médio,Baixo,Baixo,Alto,Alto
YQH0930,Médio,Médio,Médio,Médio,Alto,Médio
YRB0614,Médio,Médio,Baixo,Baixo,Alto,Alto
YRF0310,Baixo,Baixo,Baixo,Baixo,Baixo,Baixo
YSB0779,Baixo,Baixo,Baixo,Baixo,Baixo,Alto
YSJ0565,Médio,Alto,Alto,Médio,Alto,Médio
YTB0436,Médio,Baixo,Baixo,Baixo,Médio,Alto
YXG0504,Alto,Alto,Alto,Alto,Alto,Alto
ZAB0327,Médio,Médio,Baixo,Baixo,Alto,Alto
ZAS0669,Alto,Alto,Alto,Médio,Alto,Alto
ZBL0379,Baixo,Médio,Baixo,Baixo,Alto,Alto
ZCB0358,Baixo,Médio,Baixo,Baixo,Médio,Médio
ZCL0880,Médio,Alto,Alto,Médio,Alto,Médio
ZCL0920,Médio,Baixo,Baixo,Baixo,Médio,Alto
ZED0676,Médio,Alto,Alto,Médio,Alto,Alto
ZER0363,Médio,Médio,Médio,Médio,Alto,Médio
ZIF0269,Baixo,Baixo,Baixo,Baixo,Baixo,Baixo
ZJW0947,Baixo,Baixo,Baixo,Baixo,Médio,Baixo
ZKC0722,Médio,Médio,Médio,Médio,Médio,Médio
ZLB0620,Baixo,Médio,Médio,Médio,Alto,Médio
ZLW0169,Baixo,Baixo,Baixo,Baixo,Médio,Baixo
ZNF0145,Médio,Médio,Baixo,Baixo,Alto,Alto
ZNS0213,Alto,Alto,Alto,Médio,Alto,Alto
ZSP0972,Baixo,Baixo,Baixo,Baixo,Médio,Baixo
ZWF0919,Médio,Baixo,Baixo,Baixo,Médio,Alto
ZXA0931,Baixo,Médio,Baixo,Baixo,Alto,Alto
